Workbook
Name DATA_VAL: Table1[TABLE DETAILS]

Sheet RAW_DATA
A1: Transaction ID | B1: Branch | C1: Product | D1: Quantity | E1: Unit Price | F1: Customer ID | G1: Order Date | H1: Return Qty
A2: T00001 | B2: Lagos | C2: Pasta | D2: N/A | E2: 15000 | F2: C0174 | G2: 46125 | H2: 0
A3: T00002 | B3: Port Harcourt | C3: RICE | D3: 3 | E3: 50000 | F3: C0220 | G3: 46046 | H3: 0
A4: T00003 | B4: Port Harcourt | C4: Rice | D4: 13 | E4: 50000 | F4: C0002 | G4: 46032 | H4: 0
A5: T00004 | B5: Ibadan | C5: Chicken | D5: 18 | E5: 35000 | F5: C0013 | G5: 46091 | H5: 5
A6: T00005 | B6: Abuja | C6: Bread | D6: 11 | E6: 20000 | F6: C0242 | G6: 46048 | H6: 0
A7: T00006 | B7: Lagos | C7: Rice | D7: 1 | E7: 50000 | F7: C0107 | G7: 46089 | H7: 0
A8: T00007 | B8: Lagos | C8: Tomato | D8: 12 | E8: 8000 | F8: C0131 | G8: 46025 | H8: 0
A9: T00008 | B9: Ibadan | C9: Chicken | D9: 4 | E9: 35000 | F9: C0035 | G9: 46180 | H9: 0
A10: T00009 | B10: Abuja | C10: Bread | D10: -1 | E10: 20000 | F10: C0227 | G10: 46079 | H10: 0
A11: T00010 | B11: Ibadan | C11: Eggs | D11: 6 | E11: 12000 | F11: C0282 | G11: 46035 | H11: 5
A12: T00011 | B12: Port Harcourt | C12: Bread | D12: 6 | E12: 20000 | F12: C0225 | G12: 09/01/2026 | H12: 0
A13: T00012 | B13: Abuja | C13: Milk | D13: 3 | E13: 20000 | F13: C0292 | G13: 46177 | H13: 0
A14: T00013 | B14: Lagos | C14: Pasta | D14: 3 | E14: 15000 | F14: C0094 | G14: 46127 | H14: 0
A15: T00014 | B15: Ibadan | C15: Tomato | D15: 7 | E15: 8000 | F15: C0099 | G15: 46043 | H15: 0
A16: T00015 | B16: Port Harcourt | C16: Milk | D16: 21 | E16: 20000 | F16: C0102 | G16: 46101 | H16: 0
A17: T00016 | B17: Abuja | C17: Chicken | D17: 10 | E17: 35000 | F17: C0196 | G17: 46123 | H17: 0
A18: T00017 | B18: Lagos | C18: Eggs | D18: 23 | E18: 12000 | F18: C0283 | G18: 46027 | H18: 0
A19: T00018 | B19: Lagos | C19: Rice | D19: 24 | E19: 50000 | F19: C0278 | G19: 46128 | H19: 3
A20: T00019 | B20: Port Harcourt | C20: Rice | D20: 24 | E20: 50000 | F20: C0033 | G20: 46200 | H20: 0
A21: T00020 | B21: Abuja | C21: Chicken | D21: 25 | E21: 35000 | F21: C0026 | G21: 46120 | H21: 0
A22: T00021 | B22: Ibadan | C22: Chicken | D22: 22 | E22: 35000 | F22: C0278 | G22: 21/06/2026 | H22: 3
A23: T00022 | B23: Lagos | C23: Pasta | D23: 18 | E23: 15000 | F23: C0200 | G23: 46054 | H23: 0
A24: T00023 | B24: Abuja | C24: Cooking Oil | D24: 17 | E24: 28000 | F24: C0103 | G24: 46099 | H24: 0
A25: T00024 | B25: Ibadan | C25: Milk | D25: 8 | E25: 20000 | F25: C0057 | G25: 46169 | H25: 5
A26: T00025 | B26: Ibadan | C26: Chicken | D26: 4 | E26: 70000 | F26: C0052 | G26: 46165 | H26: 0
A27: T00026 | B27: Lagos | C27: Bread | D27: 7 | E27: 20,000 | F27: C0019 | G27: 46081 | H27: 0
A28: T00027 | B28: Lagos | C28: Milk | D28: 1 | E28: 20000 | F28: C0212 | G28: 46148 | H28: 0
A29: T00028 | B29: Abuja | C29: Milk | D29: 11 | E29: 20000 | F29: C0159 | G29: 46067 | H29: 4
A30: T00029 | B30: Ibadan | C30: Tomato | D30: 19 | E30: 8000 | F30: C0295 | G30: 46055 | H30: 0
A31: T00030 | B31: Port Harcourt | C31: Rice | D31: 1 | E31: 50000 | F31: C0206 | G31: 46031 | H31: 0
A32: T00031 | B32: Port Harcourt | C32: Rice | D32: 12 | E32: 50000 | F32: C0151 | G32: 46105 | H32: 0
A33: T00032 | B33: Abuja | C33: Milk | D33: 11 | E33: 20000 | F33: C0261 | G33: 46091 | H33: 0
A34: T00033 | B34: Lagos | C34: Pasta | D34: 24 | E34: 15000 | F34: C0218 | G34: 46043 | H34: 3
A35: T00034 | B35: Lagos | C35: Chicken | D35: 20 | E35: 35000 | F35: C0227 | G35: 46070 | H35: 0
A36: T00035 | B36: Lagos | C36: Tomato | D36: 12 | E36: 8000 | F36: C0236 | G36: 46108 | H36: 0
A37: T00036 | B37: Abuja | C37: Tomato | D37: 4 | E37: 8000 | F37: C0179 | G37: 46159 | H37: 0
A38: T00037 | B38: Ibadan | C38: Tomato | D38: 12 | E38: 8000 | F38: C0238 | G38: 46110 | H38: 0
A39: T00038 | B39: Lagos | C39: Tomato | D39: -6 | E39: 8000 | F39: C0136 | G39: 46139 | H39: 0
... A43: T00042 | B43: Ibadan | C43: Chicken | D43: 6 | E43: 35000 | F43: C0070 | G43: 46119 | H43: 0
A44: T00043 | B44: Ibadan | C44: Bread | D44: 5 | E44: 20000 | F44: C0039 | H44: 1
A45: T00044 | B45: Abuja | C45: Eggs | D45: 8 | E45: 12000 | F45: C0184 | G45: 46177 | H45: 0
A46: T00045 | B46: Ibadan | C46: Bread | D46: 6 | E46: 20000 | F46: C0119 | G46: 46039 | H46: 0
A47: T00046 | B47: Ibadan | C47: Pasta | D47: 23 | E47: 15000 | F47: C0257 | G47: 46182 | H47: 2
A48: T00047 | B48: Ibadan | C48: Bread | D48: N/A | E48: 20000 | F48: C0228 | G48: 46189 | H48: 0
A49: T00048 | B49: Abuja | C49: Eggs | D49: 5 | E49: 12000 | F49: C0264 | G49: 46172 | H49: 0
A50: T00049 | B50: Ibadan | C50: Rice | D50: 5 | E50: 50000 | F50: C0067 | G50: 46193 | H50: 0
A51: T00050 | B51: Lagos | C51: Tomato | D51: 17 | E51: 8000 | F51: C0035 | G51: 46079 | H51: 3
A52: T00051 | B52: Abuja | C52: Cooking Oil | D52: 16 | E52: 28000 | F52: C0178 | G52: 46134 | H52: 0
A53: T00052 | B53: Port Harcourt | C53: milk | D53: 11 | E53: 20000 | F53: C0099 | G53: 46048 | H53: 0
A54: T00053 | B54: Lagos | C54: Cooking Oil | D54: 9 | E54: 28000 | F54: C0208 | G54: 46072 | H54: 0
A55: T00054 | B55: Ibadan | C55: Milk | D55: 24 | E55: 20000 | F55: C0146 | G55: 46182 | H55: 0
A56: T00055 | B56: Abuja | C56: Rice | D56: 15 | E56: 50000 | F56: C0083 | G56: 46075 | H56: 0
A57: T00056 | B57: Ibadan | C57: Rice | D57: 14 | E57: 50000 | F57: C0052 | G57: 46079 | H57: 0
A58: T00057 | B58: Lagos | C58: Rice | D58: 24 | E58: 50000 | F58: C0254 | G58: 46112 | H58: 0
A59: T00058 | B59: Ibadan | C59: Chicken | D59: 20 | E59: 17500 | F59: C0222 | G59: 46095 | H59: 0
A60: T00059 | B60: Abuja | C60: Cooking Oil | D60: 15 | E60: 28000 | F60: C0189 | G60: 46058 | H60: 0
... A62: T00061 | B62: Lagos | C62: Pasta | D62: 18 | E62: 15000 | F62: C0036 | G62: 46072 | H62: 0
A63: T00062 | B63: Abuja | C63: Milk | D63: 14 | E63: 20000 | F63: C0251 | G63: 46144 | H63: 0
A64: T00063 | B64: Ibadan | C64: Tomato | D64: 25 | E64: 8000 | F64: C0233 | G64: 46161 | H64: 0
A65: T00064 | B65: Ibadan | C65: Cooking Oil | D65: 7 | E65: 28000 | F65: C0289 | G65: 46100 | H65: 0
A66: T00065 | B66: Lagos | C66: Tomato | D66: 20 | E66: 8000 | G66: 46081 | H66: 0
A67: T00066 | B67: Port Harcourt | C67: Chicken | D67: 24 | E67: 35000 | F67: C0066 | G67: 46057 | H67: 0
A68: T00067 | B68: Ibadan | C68: Rice | D68: 19 | E68: 50000 | F68: C0252 | G68: 46085 | H68: 0
A69: T00068 | B69: Lagos | C69: Eggs | D69: 1 | E69: 12000 | F69: C0237 | G69: 11/01/2026 | H69: 1
A70: T00069 | B70: Lagos | C70: Bread | D70: 22 | E70: 20000 | F70: C0262 | G70: 46100 | H70: 2
A71: T00070 | B71: Ibadan | C71: Bread | D71: 1 | E71: 20000 | F71: C0040 | G71: 46051 | H71: 0
A72: T00071 | B72: Lagos | C72: Cooking Oil | D72: 24 | E72: 28000 | F72: C0045 | H72: 0
A73: T00072 | B73: Ibadan | C73: Chicken | D73: 23 | E73: 35000 | F73: C0224 | G73: 46153 | H73: 0
A74: T00073 | B74: Abuja | C74: Tomato | D74: 24 | E74: 8000 | F74: C0141 | G74: 46163 | H74: 0
A75: T00074 | B75: Port Harcourt | C75: Pasta | D75: 1 | E75: 15000 | F75: C0065 | G75: 46076 | H75: 0
A76: T00075 | B76: Abuja | C76: Chicken | D76: 24 | E76: 35000 | F76: C0071 | G76: 46106 | H76: 4
A77: T00076 | B77: Abuja | C77: Cooking Oil | D77: 5 | E77: 28000 | F77: C0280 | G77: 46142 | H77: 0
A78: T00077 | B78: Ibadan | C78: Cooking Oil | D78: 13 | E78: 28000 | F78: C0291 | G78: 46103 | H78: 21
A79: T00078 | B79: Port Harcourt | C79: Tomato | D79: 8 | E79: 8000 | F79: C0220 | G79: 46175 | H79: 0
A80: T00079 | B80: Abuja | C80: Pasta | D80: 17 | E80: 15,000 | F80: C0099 | G80: 46119 | H80: 0
A81: T00080 | B81: Port Harcourt | C81: Chicken | D81: 19 | E81: 35000 | F81: C0028 | G81: 46056 | H81: 0
A82: T00081 | B82: Ibadan | C82: Pasta | D82: 15 | E82: 15,000 | F82: C0237 | G82: 46135 | H82: 0
A83: T00082 | B83: Abuja | C83: Chicken | D83: 4 | E83: 35000 | F83: C0182 | G83: 46193 | H83: 1
A84: T00083 | B84: Abuja | C84: Rice | D84: 7 | E84: 50000 | F84: C0172 | G84: 46158 | H84: 0
A85: T00084 | B85: Abuja | C85: Cooking Oil | D85: 7 | E85: 28000 | F85: C0180 | G85: 46103 | H85: 2
A86: T00085 | B86: Abuja | C86: Tomato | D86: 7 | E86: 8000 | F86: C0047 | G86: 46173 | H86: 0
A87: T00086 | B87: Port Harcourt | C87: Cooking Oil | D87: 7 | E87: 28000 | F87: C0205 | G87: 46173 | H87: 0
A88: T00087 | B88: Lagos | C88: Cooking Oil | D88: 18 | E88: 28000 | F88: C0217 | G88: 46138 | H88: 0
A89: T00088 | B89: Port Harcourt | C89: Pasta | D89: 1 | E89: 15000 | F89: C0176 | G89: 46029 | H89: 9
A90: T00089 | B90: Port Harcourt | C90: Pasta | D90: 21 | E90: 15000 | F90: C0192 | G90: 46102 | H90: 0
A91: T00090 | B91: Ibadan | C91: Rice | D91: 8 | E91: 50000 | F91: C0286 | G91: 46121 | H91: 0
A92: T00091 | B92: Ibadan | C92: Chicken | D92: 4 | E92: 35000 | F92: C0116 | G92: 14/06/2026 | H92: 0
A93: T00092 | B93: Ibadan | C93: Pasta | D93: 25 | E93: 15000 | F93: C0144 | G93: 09/01/2026 | H93: 0
A94: T00093 | B94: Port Harcourt | C94: Pasta | D94: 10 | E94: 15000 | F94: C0171 | H94: 0
A95: T00094 | B95: Port Harcourt | C95: Milk | D95: 9 | E95: 20000 | F95: C0137 | G95: 46101 | H95: 0
A96: T00095 | B96: Ibadan | C96: Eggs | D96: 25 | E96: 12000 | F96: C0269 | G96: 46096 | H96: 0
A97: T00096 | B97: Ibadan | C97: Eggs | D97: 23 | E97: 12000 | F97: C0073 | G97: 46032 | H97: 0
A98: T00097 | B98: Ibadan | C98: Eggs | D98: 15 | E98: 12000 | F98: C0028 | G98: 31/02/2026 | H98: 0
A99: T00098 | B99: Abuja | C99: Chicken | D99: 1 | E99: 35000 | F99: C0029 | G99: 46181 | H99: 0
A100: T00099 | B100: Lagos | C100: Bread | D100: 18 | E100: 20000 | F100: C0009 | G100: 46034 | H100: 0
A101: T00100 | B101: Lagos | C101: Pasta | D101: 12 | E101: 15000 | F101: C0297 | G101: 46052 | H101: 4
A102: T00101 | B102: Abuja | C102: Rice | D102: 11 | E102: 50000 | F102: C0164 | G102: 46101 | H102: 0
A103: T00102 | B103: Lagos | C103: Chicken | D103: 4 | E103: 35000 | F103: C0220 | G103: 46026 | H103: 0
A104: T00103 | B104: Fct | C104: Bread | D104: 7 | E104: 20000 | F104: C0202 | G104: 46118 | H104: 0
...

Sheet CLEANED
A1: Transaction ID | B1: Branch | C1: Product | D1: Quantity | E1: Unit Price | F1: Customer ID | G1: Order Date | H1: Return Qty | I1: are branches correct | J1: valid QTY | K1: is quantity sold > quantity returned? | L1: Unit price is valid | M1: is the date valid | N1: Revenue before return | O1: Amount of order returned | P1: Revenue after return | Q1: Action
A2: T00001 | B2: Lagos | C2: Pasta | D2: N/A | E2: 15000 | F2: C0174 | G2: 46125 | H2: 0 | I2: =IF(OR('CAL-DATA VALIDATION'!$A$2=Table3[[#This Row],[Branch]], 'CAL-DATA VALIDATION'!$A$3=Table3[[#This Row],[Branch]],'CAL-DATA VALIDATION'!$A$4=Table3[[#This Row],[Branch]],'CAL-DATA VALIDATION'!$A$5=Table3[[#This Row],[Branch]]), TRUE, FALSE) -> TRUE | J2: =((ISNUMBER(Table3[[#This Row],[Quantity]]) )* (Table3[[#This Row],[Quantity]]>0))=1 -> FALSE | K2: =((Table3[[#This Row],[Quantity]]>=Table3[[#This Row],[Return Qty]])*(ISNUMBER(Table3[[#This Row],[Quantity]])))=1 -> FALSE | L2: =ISNUMBER(Table3[[#This Row],[Unit Price]]) -> TRUE | M2: =ISNUMBER(Table3[[#This Row],[Order Date]]) -> TRUE | N2: =IFERROR(IF(Table3[[#This Row],[Quantity]]*Table3[[#This Row],[Unit Price]]<0, "N/A", Table3[[#This Row],[Quantity]]*Table3[[#This Row],[Unit Price]]), "N/A") -> N/A | O2: =IFERROR(Table3[[#This Row],[Unit Price]]*Table3[[#This Row],[Return Qty]], "N/A") -> 0 | P2: =IFERROR(IF((Table3[[#This Row],[Revenue before return]]-Table3[[#This Row],[Amount of order returned]])<0, "N/A", Table3[[#This Row],[Revenue before return]]-Table3[[#This Row],[Amount of order returned]]), "N/A") -> N/A | Q2: =IF(AND(Table3[[#This Row],[are branches correct]]=TRUE, Table3[[#This Row],[is quantity sold > quantity returned?]]=TRUE, Table3[[#This Row],[Unit price is valid]]=TRUE,Table3[[#This Row],[is the date valid]]=TRUE,Table3[[#This Row],[valid QTY]]=TRUE), "No action required", "Inspect") -> Inspect
A3: T00002 | B3: Port Harcourt | C3: Rice | D3: 3 | E3: 50000 | F3: C0220 | G3: 46046 | H3: 0 | I3: =IF(OR('CAL-DATA VALIDATION'!$A$2=Table3[[#This Row],[Branch]], 'CAL-DATA VALIDATION'!$A$3=Table3[[#This Row],[Branch]],'CAL-DATA VALIDATION'!$A$4=Table3[[#This Row],[Branch]],'CAL-DATA VALIDATION'!$A$5=Table3[[#This Row],[Branch]]), TRUE, FALSE) -> TRUE | J3: =((ISNUMBER(Table3[[#This Row],[Quantity]]) )* (Table3[[#This Row],[Quantity]]>0))=1 -> TRUE | K3: =((Table3[[#This Row],[Quantity]]>=Table3[[#This Row],[Return Qty]])*(ISNUMBER(Table3[[#This Row],[Quantity]])))=1 -> TRUE | L3: =ISNUMBER(Table3[[#This Row],[Unit Price]]) -> TRUE | M3: =ISNUMBER(Table3[[#This Row],[Order Date]]) -> TRUE | N3: =IFERROR(IF(Table3[[#This Row],[Quantity]]*Table3[[#This Row],[Unit Price]]<0, "N/A", Table3[[#This Row],[Quantity]]*Table3[[#This Row],[Unit Price]]), "N/A") -> 150000 | O3: =IFERROR(Table3[[#This Row],[Unit Price]]*Table3[[#This Row],[Return Qty]], "N/A") -> 0 | P3: =IFERROR(IF((Table3[[#This Row],[Revenue before return]]-Table3[[#This Row],[Amount of order returned]])<0, "N/A", Table3[[#This Row],[Revenue before return]]-Table3[[#This Row],[Amount of order returned]]), "N/A") -> 150000 | Q3: =IF(AND(Table3[[#This Row],[are branches correct]]=TRUE, Table3[[#This Row],[is quantity sold > quantity returned?]]=TRUE, Table3[[#This Row],[Unit price is valid]]=TRUE,Table3[[#This Row],[is the date valid]]=TRUE,Table3[[#This Row],[valid QTY]]=TRUE), "No action required", "Inspect") -> No action required
A4: T00003 | B4: Port Harcourt | C4: Rice | D4: 13 | E4: 50000 | F4: C0002 | G4: 46032 | H4: 0 | I4: =IF(OR('CAL-DATA VALIDATION'!$A$2=Table3[[#This Row],[Branch]], 'CAL-DATA VALIDATION'!$A$3=Table3[[#This Row],[Branch]],'CAL-DATA VALIDATION'!$A$4=Table3[[#This Row],[Branch]],'CAL-DATA VALIDATION'!$A$5=Table3[[#This Row],[Branch]]), TRUE, FALSE) -> TRUE | J4: =((ISNUMBER(Table3[[#This Row],[Quantity]]) )* (Table3[[#This Row],[Quantity]]>0))=1 -> TRUE | K4: =((Table3[[#This Row],[Quantity]]>=Table3[[#This Row],[Return Qty]])*(ISNUMBER(Table3[[#This Row],[Quantity]])))=1 -> TRUE | L4: =ISNUMBER(Table3[[#This Row],[Unit Price]]) -> TRUE | M4: =ISNUMBER(Table3[[#This Row],[Order Date]]) -> TRUE | N4: =IFERROR(IF(Table3[[#This Row],[Quantity]]*Table3[[#This Row],[Unit Price]]<0, "N/A", Table3[[#This Row],[Quantity]]*Table3[[#This Row],[Unit Price]]), "N/A") -> 650000 | O4: =IFERROR(Table3[[#This Row],[Unit Price]]*Table3[[#This Row],[Return Qty]], "N/A") -> 0 | P4: =IFERROR(IF((Table3[[#This Row],[Revenue before return]]-Table3[[#This Row],[Amount of order returned]])<0, "N/A", Table3[[#This Row],[Revenue before return]]-Table3[[#This Row],[Amount of order returned]]), "N/A") -> 650000 | Q4: =IF(AND(Table3[[#This Row],[are branches correct]]=TRUE, Table3[[#This Row],[is quantity sold > quantity returned?]]=TRUE, Table3[[#This Row],[Unit price is valid]]=TRUE,Table3[[#This Row],[is the date valid]]=TRUE,Table3[[#This Row],[valid QTY]]=TRUE), "No action required", "Inspect") -> No action required
A5: T00004 | B5: Ibadan | C5: Chicken | D5: 18 | E5: 35000 | F5: C0013 | G5: 46091 | H5: 5 | I5: =IF(OR('CAL-DATA VALIDATION'!$A$2=Table3[[#This Row],[Branch]], 'CAL-DATA VALIDATION'!$A$3=Table3[[#This Row],[Branch]],'CAL-DATA VALIDATION'!$A$4=Table3[[#This Row],[Branch]],'CAL-DATA VALIDATION'!$A$5=Table3[[#This Row],[Branch]]), TRUE, FALSE) -> TRUE | J5: =((ISNUMBER(Table3[[#This Row],[Quantity]]) )* (Table3[[#This Row],[Quantity]]>0))=1 -> TRUE | K5: =((Table3[[#This Row],[Quantity]]>=Table3[[#This Row],[Return Qty]])*(ISNUMBER(Table3[[#This Row],[Quantity]])))=1 -> TRUE | L5: =ISNUMBER(Table3[[#This Row],[Unit Price]]) -> TRUE | M5: =ISNUMBER(Table3[[#This Row],[Order Date]]) -> TRUE | N5: =IFERROR(IF(Table3[[#This Row],[Quantity]]*Table3[[#This Row],[Unit Price]]<0, "N/A", Table3[[#This Row],[Quantity]]*Table3[[#This Row],[Unit Price]]), "N/A") -> 630000 | O5: =IFERROR(Table3[[#This Row],[Unit Price]]*Table3[[#This Row],[Return Qty]], "N/A") -> 175000 | P5: =IFERROR(IF((Table3[[#This Row],[Revenue before return]]-Table3[[#This Row],[Amount of order returned]])<0, "N/A", Table3[[#This Row],[Revenue before return]]-Table3[[#This Row],[Amount of order returned]]), "N/A") -> 455000 | Q5: =IF(AND(Table3[[#This Row],[are branches correct]]=TRUE, Table3[[#This Row],[is quantity sold > quantity returned?]]=TRUE, Table3[[#This Row],[Unit price is valid]]=TRUE,Table3[[#This Row],[is the date valid]]=TRUE,Table3[[#This Row],[valid QTY]]=TRUE), "No action required", "Inspect") -> No action required
A6: T00005 | B6: Abuja | C6: Bread | D6: 11 | E6: 20000 | F6: C0242 | G6: 46048 | H6: 0 | I6: =IF(OR('CAL-DATA VALIDATION'!$A$2=Table3[[#This Row],[Branch]], 'CAL-DATA VALIDATION'!$A$3=Table3[[#This Row],[Branch]],'CAL-DATA VALIDATION'!$A$4=Table3[[#This Row],[Branch]],'CAL-DATA VALIDATION'!$A$5=Table3[[#This Row],[Branch]]), TRUE, FALSE) -> TRUE | J6: =((ISNUMBER(Table3[[#This Row],[Quantity]]) )* (Table3[[#This Row],[Quantity]]>0))=1 -> TRUE | K6: =((Table3[[#This Row],[Quantity]]>=Table3[[#This Row],[Return Qty]])*(ISNUMBER(Table3[[#This Row],[Quantity]])))=1 -> TRUE | L6: =ISNUMBER(Table3[[#This Row],[Unit Price]]) -> TRUE | M6: =ISNUMBER(Table3[[#This Row],[Order Date]]) -> TRUE | N6: =IFERROR(IF(Table3[[#This Row],[Quantity]]*Table3[[#This Row],[Unit Price]]<0, "N/A", Table3[[#This Row],[Quantity]]*Table3[[#This Row],[Unit Price]]), "N/A") -> 220000 | O6: =IFERROR(Table3[[#This Row],[Unit Price]]*Table3[[#This Row],[Return Qty]], "N/A") -> 0 | P6: =IFERROR(IF((Table3[[#This Row],[Revenue before return]]-Table3[[#This Row],[Amount of order returned]])<0, "N/A", Table3[[#This Row],[Revenue before return]]-Table3[[#This Row],[Amount of order returned]]), "N/A") -> 220000 | Q6: =IF(AND(Table3[[#This Row],[are branches correct]]=TRUE, Table3[[#This Row],[is quantity sold > quantity returned?]]=TRUE, Table3[[#This Row],[Unit price is valid]]=TRUE,Table3[[#This Row],[is the date valid]]=TRUE,Table3[[#This Row],[valid QTY]]=TRUE), "No action required", "Inspect") -> No action required
A7: T00006 | B7: Lagos | C7: Rice | D7: 1 | E7: 50000 | F7: C0107 | G7: 46089 | H7: 0 | I7: =IF(OR('CAL-DATA VALIDATION'!$A$2=Table3[[#This Row],[Branch]], 'CAL-DATA VALIDATION'!$A$3=Table3[[#This Row],[Branch]],'CAL-DATA VALIDATION'!$A$4=Table3[[#This Row],[Branch]],'CAL-DATA VALIDATION'!$A$5=Table3[[#This Row],[Branch]]), TRUE, FALSE) -> TRUE | J7: =((ISNUMBER(Table3[[#This Row],[Quantity]]) )* (Table3[[#This Row],[Quantity]]>0))=1 -> TRUE | K7: =((Table3[[#This Row],[Quantity]]>=Table3[[#This Row],[Return Qty]])*(ISNUMBER(Table3[[#This Row],[Quantity]])))=1 -> TRUE | L7: =ISNUMBER(Table3[[#This Row],[Unit Price]]) -> TRUE | M7: =ISNUMBER(Table3[[#This Row],[Order Date]]) -> TRUE | N7: =IFERROR(IF(Table3[[#This Row],[Quantity]]*Table3[[#This Row],[Unit Price]]<0, "N/A", Table3[[#This Row],[Quantity]]*Table3[[#This Row],[Unit Price]]), "N/A") -> 50000 | O7: =IFERROR(Table3[[#This Row],[Unit Price]]*Table3[[#This Row],[Return Qty]], "N/A") -> 0 | P7: =IFERROR(IF((Table3[[#This Row],[Revenue before return]]-Table3[[#This Row],[Amount of order returned]])<0, "N/A", Table3[[#This Row],[Revenue before return]]-Table3[[#This Row],[Amount of order returned]]), "N/A") -> 50000 | Q7: =IF(AND(Table3[[#This Row],[are branches correct]]=TRUE, Table3[[#This Row],[is quantity sold > quantity returned?]]=TRUE, Table3[[#This Row],[Unit price is valid]]=TRUE,Table3[[#This Row],[is the date valid]]=TRUE,Table3[[#This Row],[valid QTY]]=TRUE), "No action required", "Inspect") -> No action required
A8: T00007 | B8: Lagos | C8: Tomato | D8: 12 | E8: 8000 | F8: C0131 | G8: 46025 | H8: 0 | I8: =IF(OR('CAL-DATA VALIDATION'!$A$2=Table3[[#This Row],[Branch]], 'CAL-DATA VALIDATION'!$A$3=Table3[[#This Row],[Branch]],'CAL-DATA VALIDATION'!$A$4=Table3[[#This Row],[Branch]],'CAL-DATA VALIDATION'!$A$5=Table3[[#This Row],[Branch]]), TRUE, FALSE) -> TRUE | J8: =((ISNUMBER(Table3[[#This Row],[Quantity]]) )* (Table3[[#This Row],[Quantity]]>0))=1 -> TRUE | K8: =((Table3[[#This Row],[Quantity]]>=Table3[[#This Row],[Return Qty]])*(ISNUMBER(Table3[[#This Row],[Quantity]])))=1 -> TRUE | L8: =ISNUMBER(Table3[[#This Row],[Unit Price]]) -> TRUE | M8: =ISNUMBER(Table3[[#This Row],[Order Date]]) -> TRUE | N8: =IFERROR(IF(Table3[[#This Row],[Quantity]]*Table3[[#This Row],[Unit Price]]<0, "N/A", Table3[[#This Row],[Quantity]]*Table3[[#This Row],[Unit Price]]), "N/A") -> 96000 | O8: =IFERROR(Table3[[#This Row],[Unit Price]]*Table3[[#This Row],[Return Qty]], "N/A") -> 0 | P8: =IFERROR(IF((Table3[[#This Row],[Revenue before return]]-Table3[[#This Row],[Amount of order returned]])<0, "N/A", Table3[[#This Row],[Revenue before return]]-Table3[[#This Row],[Amount of order returned]]), "N/A") -> 96000 | Q8: =IF(AND(Table3[[#This Row],[are branches correct]]=TRUE, Table3[[#This Row],[is quantity sold > quantity returned?]]=TRUE, Table3[[#This Row],[Unit price is valid]]=TRUE,Table3[[#This Row],[is the date valid]]=TRUE,Table3[[#This Row],[valid QTY]]=TRUE), "No action required", "Inspect") -> No action required
A9: T00008 | B9: Ibadan | C9: Chicken | D9: 4 | E9: 35000 | F9: C0035 | G9: 46180 | H9: 0 | I9: =IF(OR('CAL-DATA VALIDATION'!$A$2=Table3[[#This Row],[Branch]], 'CAL-DATA VALIDATION'!$A$3=Table3[[#This Row],[Branch]],'CAL-DATA VALIDATION'!$A$4=Table3[[#This Row],[Branch]],'CAL-DATA VALIDATION'!$A$5=Table3[[#This Row],[Branch]]), TRUE, FALSE) -> TRUE | J9: =((ISNUMBER(Table3[[#This Row],[Quantity]]) )* (Table3[[#This Row],[Quantity]]>0))=1 -> TRUE | K9: =((Table3[[#This Row],[Quantity]]>=Table3[[#This Row],[Return Qty]])*(ISNUMBER(Table3[[#This Row],[Quantity]])))=1 -> TRUE | L9: =ISNUMBER(Table3[[#This Row],[Unit Price]]) -> TRUE | M9: =ISNUMBER(Table3[[#This Row],[Order Date]]) -> TRUE | N9: =IFERROR(IF(Table3[[#This Row],[Quantity]]*Table3[[#This Row],[Unit Price]]<0, "N/A", Table3[[#This Row],[Quantity]]*Table3[[#This Row],[Unit Price]]), "N/A") -> 140000 | O9: =IFERROR(Table3[[#This Row],[Unit Price]]*Table3[[#This Row],[Return Qty]], "N/A") -> 0 | P9: =IFERROR(IF((Table3[[#This Row],[Revenue before return]]-Table3[[#This Row],[Amount of order returned]])<0, "N/A", Table3[[#This Row],[Revenue before return]]-Table3[[#This Row],[Amount of order returned]]), "N/A") -> 140000 | Q9: =IF(AND(Table3[[#This Row],[are branches correct]]=TRUE, Table3[[#This Row],[is quantity sold > quantity returned?]]=TRUE, Table3[[#This Row],[Unit price is valid]]=TRUE,Table3[[#This Row],[is the date valid]]=TRUE,Table3[[#This Row],[valid QTY]]=TRUE), "No action required", "Inspect") -> No action required
A10: T00009 | B10: Abuja | C10: Bread | D10: -1 | E10: 20000 | F10: C0227 | G10: 46079 | H10: 0 | I10: =IF(OR('CAL-DATA VALIDATION'!$A$2=Table3[[#This Row],[Branch]], 'CAL-DATA VALIDATION'!$A$3=Table3[[#This Row],[Branch]],'CAL-DATA VALIDATION'!$A$4=Table3[[#This Row],[Branch]],'CAL-DATA VALIDATION'!$A$5=Table3[[#This Row],[Branch]]), TRUE, FALSE) -> TRUE | J10: =((ISNUMBER(Table3[[#This Row],[Quantity]]) )* (Table3[[#This Row],[Quantity]]>0))=1 -> FALSE | K10: =((Table3[[#This Row],[Quantity]]>=Table3[[#This Row],[Return Qty]])*(ISNUMBER(Table3[[#This Row],[Quantity]])))=1 -> FALSE | L10: =ISNUMBER(Table3[[#This Row],[Unit Price]]) -> TRUE | M10: =ISNUMBER(Table3[[#This Row],[Order Date]]) -> TRUE | N10: =IFERROR(IF(Table3[[#This Row],[Quantity]]*Table3[[#This Row],[Unit Price]]<0, "N/A", Table3[[#This Row],[Quantity]]*Table3[[#This Row],[Unit Price]]), "N/A") -> N/A | O10: =IFERROR(Table3[[#This Row],[Unit Price]]*Table3[[#This Row],[Return Qty]], "N/A") -> 0 | P10: =IFERROR(IF((Table3[[#This Row],[Revenue before return]]-Table3[[#This Row],[Amount of order returned]])<0, "N/A", Table3[[#This Row],[Revenue before return]]-Table3[[#This Row],[Amount of order returned]]), "N/A") -> N/A | Q10: =IF(AND(Table3[[#This Row],[are branches correct]]=TRUE, Table3[[#This Row],[is quantity sold > quantity returned?]]=TRUE, Table3[[#This Row],[Unit price is valid]]=TRUE,Table3[[#This Row],[is the date valid]]=TRUE,Table3[[#This Row],[valid QTY]]=TRUE), "No action required", "Inspect") -> Inspect
A11: T00010 | B11: Ibadan | C11: Eggs | D11: 6 | E11: 12000 | F11: C0282 | G11: 46035 | H11: 5 | I11: =IF(OR('CAL-DATA VALIDATION'!$A$2=Table3[[#This Row],[Branch]], 'CAL-DATA VALIDATION'!$A$3=Table3[[#This Row],[Branch]],'CAL-DATA VALIDATION'!$A$4=Table3[[#This Row],[Branch]],'CAL-DATA VALIDATION'!$A$5=Table3[[#This Row],[Branch]]), TRUE, FALSE) -> TRUE | J11: =((ISNUMBER(Table3[[#This Row],[Quantity]]) )* (Table3[[#This Row],[Quantity]]>0))=1 -> TRUE | K11: =((Table3[[#This Row],[Quantity]]>=Table3[[#This Row],[Return Qty]])*(ISNUMBER(Table3[[#This Row],[Quantity]])))=1 -> TRUE | L11: =ISNUMBER(Table3[[#This Row],[Unit Price]]) -> TRUE | M11: =ISNUMBER(Table3[[#This Row],[Order Date]]) -> TRUE | N11: =IFERROR(IF(Table3[[#This Row],[Quantity]]*Table3[[#This Row],[Unit Price]]<0, "N/A", Table3[[#This Row],[Quantity]]*Table3[[#This Row],[Unit Price]]), "N/A") -> 72000 | O11: =IFERROR(Table3[[#This Row],[Unit Price]]*Table3[[#This Row],[Return Qty]], "N/A") -> 60000 | P11: =IFERROR(IF((Table3[[#This Row],[Revenue before return]]-Table3[[#This Row],[Amount of order returned]])<0, "N/A", Table3[[#This Row],[Revenue before return]]-Table3[[#This Row],[Amount of order returned]]), "N/A") -> 12000 | Q11: =IF(AND(Table3[[#This Row],[are branches correct]]=TRUE, Table3[[#This Row],[is quantity sold > quantity returned?]]=TRUE, Table3[[#This Row],[Unit price is valid]]=TRUE,Table3[[#This Row],[is the date valid]]=TRUE,Table3[[#This Row],[valid QTY]]=TRUE), "No action required", "Inspect") -> No action required
A12: T00011 | B12: Port Harcourt | C12: Bread | D12: 6 | E12: 20000 | F12: C0225 | G12: 46031 | H12: 0 | I12: =IF(OR('CAL-DATA VALIDATION'!$A$2=Table3[[#This Row],[Branch]], 'CAL-DATA VALIDATION'!$A$3=Table3[[#This Row],[Branch]],'CAL-DATA VALIDATION'!$A$4=Table3[[#This Row],[Branch]],'CAL-DATA VALIDATION'!$A$5=Table3[[#This Row],[Branch]]), TRUE, FALSE) -> TRUE | J12: =((ISNUMBER(Table3[[#This Row],[Quantity]]) )* (Table3[[#This Row],[Quantity]]>0))=1 -> TRUE | K12: =((Table3[[#This Row],[Quantity]]>=Table3[[#This Row],[Return Qty]])*(ISNUMBER(Table3[[#This Row],[Quantity]])))=1 -> TRUE | L12: =ISNUMBER(Table3[[#This Row],[Unit Price]]) -> TRUE | M12: =ISNUMBER(Table3[[#This Row],[Order Date]]) -> TRUE | N12: =IFERROR(IF(Table3[[#This Row],[Quantity]]*Table3[[#This Row],[Unit Price]]<0, "N/A", Table3[[#This Row],[Quantity]]*Table3[[#This Row],[Unit Price]]), "N/A") -> 120000 | O12: =IFERROR(Table3[[#This Row],[Unit Price]]*Table3[[#This Row],[Return Qty]], "N/A") -> 0 | P12: =IFERROR(IF((Table3[[#This Row],[Revenue before return]]-Table3[[#This Row],[Amount of order returned]])<0, "N/A", Table3[[#This Row],[Revenue before return]]-Table3[[#This Row],[Amount of order returned]]), "N/A") -> 120000 | Q12: =IF(AND(Table3[[#This Row],[are branches correct]]=TRUE, Table3[[#This Row],[is quantity sold > quantity returned?]]=TRUE, Table3[[#This Row],[Unit price is valid]]=TRUE,Table3[[#This Row],[is the date valid]]=TRUE,Table3[[#This Row],[valid QTY]]=TRUE), "No action required", "Inspect") -> No action required
A13: T00012 | B13: Abuja | C13: Milk | D13: 3 | E13: 20000 | F13: C0292 | G13: 46177 | H13: 0 | I13: =IF(OR('CAL-DATA VALIDATION'!$A$2=Table3[[#This Row],[Branch]], 'CAL-DATA VALIDATION'!$A$3=Table3[[#This Row],[Branch]],'CAL-DATA VALIDATION'!$A$4=Table3[[#This Row],[Branch]],'CAL-DATA VALIDATION'!$A$5=Table3[[#This Row],[Branch]]), TRUE, FALSE) -> TRUE | J13: =((ISNUMBER(Table3[[#This Row],[Quantity]]) )* (Table3[[#This Row],[Quantity]]>0))=1 -> TRUE | K13: =((Table3[[#This Row],[Quantity]]>=Table3[[#This Row],[Return Qty]])*(ISNUMBER(Table3[[#This Row],[Quantity]])))=1 -> TRUE | L13: =ISNUMBER(Table3[[#This Row],[Unit Price]]) -> TRUE | M13: =ISNUMBER(Table3[[#This Row],[Order Date]]) -> TRUE | N13: =IFERROR(IF(Table3[[#This Row],[Quantity]]*Table3[[#This Row],[Unit Price]]<0, "N/A", Table3[[#This Row],[Quantity]]*Table3[[#This Row],[Unit Price]]), "N/A") -> 60000 | O13: =IFERROR(Table3[[#This Row],[Unit Price]]*Table3[[#This Row],[Return Qty]], "N/A") -> 0 | P13: =IFERROR(IF((Table3[[#This Row],[Revenue before return]]-Table3[[#This Row],[Amount of order returned]])<0, "N/A", Table3[[#This Row],[Revenue before return]]-Table3[[#This Row],[Amount of order returned]]), "N/A") -> 60000 | Q13: =IF(AND(Table3[[#This Row],[are branches correct]]=TRUE, Table3[[#This Row],[is quantity sold > quantity returned?]]=TRUE, Table3[[#This Row],[Unit price is valid]]=TRUE,Table3[[#This Row],[is the date valid]]=TRUE,Table3[[#This Row],[valid QTY]]=TRUE), "No action required", "Inspect") -> No action required
A14: T00013 | B14: Lagos | C14: Pasta | D14: 3 | E14: 15000 | F14: C0094 | G14: 46127 | H14: 0 | I14: =IF(OR('CAL-DATA VALIDATION'!$A$2=Table3[[#This Row],[Branch]], 'CAL-DATA VALIDATION'!$A$3=Table3[[#This Row],[Branch]],'CAL-DATA VALIDATION'!$A$4=Table3[[#This Row],[Branch]],'CAL-DATA VALIDATION'!$A$5=Table3[[#This Row],[Branch]]), TRUE, FALSE) -> TRUE | J14: =((ISNUMBER(Table3[[#This Row],[Quantity]]) )* (Table3[[#This Row],[Quantity]]>0))=1 -> TRUE | K14: =((Table3[[#This Row],[Quantity]]>=Table3[[#This Row],[Return Qty]])*(ISNUMBER(Table3[[#This Row],[Quantity]])))=1 -> TRUE | L14: =ISNUMBER(Table3[[#This Row],[Unit Price]]) -> TRUE | M14: =ISNUMBER(Table3[[#This Row],[Order Date]]) -> TRUE | N14: =IFERROR(IF(Table3[[#This Row],[Quantity]]*Table3[[#This Row],[Unit Price]]<0, "N/A", Table3[[#This Row],[Quantity]]*Table3[[#This Row],[Unit Price]]), "N/A") -> 45000 | O14: =IFERROR(Table3[[#This Row],[Unit Price]]*Table3[[#This Row],[Return Qty]], "N/A") -> 0 | P14: =IFERROR(IF((Table3[[#This Row],[Revenue before return]]-Table3[[#This Row],[Amount of order returned]])<0, "N/A", Table3[[#This Row],[Revenue before return]]-Table3[[#This Row],[Amount of order returned]]), "N/A") -> 45000 | Q14: =IF(AND(Table3[[#This Row],[are branches correct]]=TRUE, Table3[[#This Row],[is quantity sold > quantity returned?]]=TRUE, Table3[[#This Row],[Unit price is valid]]=TRUE,Table3[[#This Row],[is the date valid]]=TRUE,Table3[[#This Row],[valid QTY]]=TRUE), "No action required", "Inspect") -> No action required
... A43: T00042 | B43: Ibadan | C43: Chicken | D43: 6 | E43: 35000 | F43: C0070 | G43: 46119 | H43: 0 | I43: =IF(OR('CAL-DATA VALIDATION'!$A$2=Table3[[#This Row],[Branch]], 'CAL-DATA VALIDATION'!$A$3=Table3[[#This Row],[Branch]],'CAL-DATA VALIDATION'!$A$4=Table3[[#This Row],[Branch]],'CAL-DATA VALIDATION'!$A$5=Table3[[#This Row],[Branch]]), TRUE, FALSE) -> TRUE | J43: =((ISNUMBER(Table3[[#This Row],[Quantity]]) )* (Table3[[#This Row],[Quantity]]>0))=1 -> TRUE | K43: =((Table3[[#This Row],[Quantity]]>=Table3[[#This Row],[Return Qty]])*(ISNUMBER(Table3[[#This Row],[Quantity]])))=1 -> TRUE | L43: =ISNUMBER(Table3[[#This Row],[Unit Price]]) -> TRUE | M43: =ISNUMBER(Table3[[#This Row],[Order Date]]) -> TRUE | N43: =IFERROR(IF(Table3[[#This Row],[Quantity]]*Table3[[#This Row],[Unit Price]]<0, "N/A", Table3[[#This Row],[Quantity]]*Table3[[#This Row],[Unit Price]]), "N/A") -> 210000 | O43: =IFERROR(Table3[[#This Row],[Unit Price]]*Table3[[#This Row],[Return Qty]], "N/A") -> 0 | P43: =IFERROR(IF((Table3[[#This Row],[Revenue before return]]-Table3[[#This Row],[Amount of order returned]])<0, "N/A", Table3[[#This Row],[Revenue before return]]-Table3[[#This Row],[Amount of order returned]]), "N/A") -> 210000 | Q43: =IF(AND(Table3[[#This Row],[are branches correct]]=TRUE, Table3[[#This Row],[is quantity sold > quantity returned?]]=TRUE, Table3[[#This Row],[Unit price is valid]]=TRUE,Table3[[#This Row],[is the date valid]]=TRUE,Table3[[#This Row],[valid QTY]]=TRUE), "No action required", "Inspect") -> No action required
A44: T00043 | B44: Ibadan | C44: Bread | D44: 5 | E44: 20000 | F44: C0039 | G44: N/A | H44: 1 | I44: =IF(OR('CAL-DATA VALIDATION'!$A$2=Table3[[#This Row],[Branch]], 'CAL-DATA VALIDATION'!$A$3=Table3[[#This Row],[Branch]],'CAL-DATA VALIDATION'!$A$4=Table3[[#This Row],[Branch]],'CAL-DATA VALIDATION'!$A$5=Table3[[#This Row],[Branch]]), TRUE, FALSE) -> TRUE | J44: =((ISNUMBER(Table3[[#This Row],[Quantity]]) )* (Table3[[#This Row],[Quantity]]>0))=1 -> TRUE | K44: =((Table3[[#This Row],[Quantity]]>=Table3[[#This Row],[Return Qty]])*(ISNUMBER(Table3[[#This Row],[Quantity]])))=1 -> TRUE | L44: =ISNUMBER(Table3[[#This Row],[Unit Price]]) -> TRUE | M44: =ISNUMBER(Table3[[#This Row],[Order Date]]) -> FALSE | N44: =IFERROR(IF(Table3[[#This Row],[Quantity]]*Table3[[#This Row],[Unit Price]]<0, "N/A", Table3[[#This Row],[Quantity]]*Table3[[#This Row],[Unit Price]]), "N/A") -> 100000 | O44: =IFERROR(Table3[[#This Row],[Unit Price]]*Table3[[#This Row],[Return Qty]], "N/A") -> 20000 | P44: =IFERROR(IF((Table3[[#This Row],[Revenue before return]]-Table3[[#This Row],[Amount of order returned]])<0, "N/A", Table3[[#This Row],[Revenue before return]]-Table3[[#This Row],[Amount of order returned]]), "N/A") -> 80000 | Q44: =IF(AND(Table3[[#This Row],[are branches correct]]=TRUE, Table3[[#This Row],[is quantity sold > quantity returned?]]=TRUE, Table3[[#This Row],[Unit price is valid]]=TRUE,Table3[[#This Row],[is the date valid]]=TRUE,Table3[[#This Row],[valid QTY]]=TRUE), "No action required", "Inspect") -> Inspect
A45: T00044 | B45: Abuja | C45: Eggs | D45: 8 | E45: 12000 | F45: C0184 | G45: 46177 | H45: 0 | I45: =IF(OR('CAL-DATA VALIDATION'!$A$2=Table3[[#This Row],[Branch]], 'CAL-DATA VALIDATION'!$A$3=Table3[[#This Row],[Branch]],'CAL-DATA VALIDATION'!$A$4=Table3[[#This Row],[Branch]],'CAL-DATA VALIDATION'!$A$5=Table3[[#This Row],[Branch]]), TRUE, FALSE) -> TRUE | J45: =((ISNUMBER(Table3[[#This Row],[Quantity]]) )* (Table3[[#This Row],[Quantity]]>0))=1 -> TRUE | K45: =((Table3[[#This Row],[Quantity]]>=Table3[[#This Row],[Return Qty]])*(ISNUMBER(Table3[[#This Row],[Quantity]])))=1 -> TRUE | L45: =ISNUMBER(Table3[[#This Row],[Unit Price]]) -> TRUE | M45: =ISNUMBER(Table3[[#This Row],[Order Date]]) -> TRUE | N45: =IFERROR(IF(Table3[[#This Row],[Quantity]]*Table3[[#This Row],[Unit Price]]<0, "N/A", Table3[[#This Row],[Quantity]]*Table3[[#This Row],[Unit Price]]), "N/A") -> 96000 | O45: =IFERROR(Table3[[#This Row],[Unit Price]]*Table3[[#This Row],[Return Qty]], "N/A") -> 0 | P45: =IFERROR(IF((Table3[[#This Row],[Revenue before return]]-Table3[[#This Row],[Amount of order returned]])<0, "N/A", Table3[[#This Row],[Revenue before return]]-Table3[[#This Row],[Amount of order returned]]), "N/A") -> 96000 | Q45: =IF(AND(Table3[[#This Row],[are branches correct]]=TRUE, Table3[[#This Row],[is quantity sold > quantity returned?]]=TRUE, Table3[[#This Row],[Unit price is valid]]=TRUE,Table3[[#This Row],[is the date valid]]=TRUE,Table3[[#This Row],[valid QTY]]=TRUE), "No action required", "Inspect") -> No action required
A46: T00045 | B46: Ibadan | C46: Bread | D46: 6 | E46: 20000 | F46: C0119 | G46: 46039 | H46: 0 | I46: =IF(OR('CAL-DATA VALIDATION'!$A$2=Table3[[#This Row],[Branch]], 'CAL-DATA VALIDATION'!$A$3=Table3[[#This Row],[Branch]],'CAL-DATA VALIDATION'!$A$4=Table3[[#This Row],[Branch]],'CAL-DATA VALIDATION'!$A$5=Table3[[#This Row],[Branch]]), TRUE, FALSE) -> TRUE | J46: =((ISNUMBER(Table3[[#This Row],[Quantity]]) )* (Table3[[#This Row],[Quantity]]>0))=1 -> TRUE | K46: =((Table3[[#This Row],[Quantity]]>=Table3[[#This Row],[Return Qty]])*(ISNUMBER(Table3[[#This Row],[Quantity]])))=1 -> TRUE | L46: =ISNUMBER(Table3[[#This Row],[Unit Price]]) -> TRUE | M46: =ISNUMBER(Table3[[#This Row],[Order Date]]) -> TRUE | N46: =IFERROR(IF(Table3[[#This Row],[Quantity]]*Table3[[#This Row],[Unit Price]]<0, "N/A", Table3[[#This Row],[Quantity]]*Table3[[#This Row],[Unit Price]]), "N/A") -> 120000 | O46: =IFERROR(Table3[[#This Row],[Unit Price]]*Table3[[#This Row],[Return Qty]], "N/A") -> 0 | P46: =IFERROR(IF((Table3[[#This Row],[Revenue before return]]-Table3[[#This Row],[Amount of order returned]])<0, "N/A", Table3[[#This Row],[Revenue before return]]-Table3[[#This Row],[Amount of order returned]]), "N/A") -> 120000 | Q46: =IF(AND(Table3[[#This Row],[are branches correct]]=TRUE, Table3[[#This Row],[is quantity sold > quantity returned?]]=TRUE, Table3[[#This Row],[Unit price is valid]]=TRUE,Table3[[#This Row],[is the date valid]]=TRUE,Table3[[#This Row],[valid QTY]]=TRUE), "No action required", "Inspect") -> No action required
A47: T00046 | B47: Ibadan | C47: Pasta | D47: 23 | E47: 15000 | F47: C0257 | G47: 46182 | H47: 2 | I47: =IF(OR('CAL-DATA VALIDATION'!$A$2=Table3[[#This Row],[Branch]], 'CAL-DATA VALIDATION'!$A$3=Table3[[#This Row],[Branch]],'CAL-DATA VALIDATION'!$A$4=Table3[[#This Row],[Branch]],'CAL-DATA VALIDATION'!$A$5=Table3[[#This Row],[Branch]]), TRUE, FALSE) -> TRUE | J47: =((ISNUMBER(Table3[[#This Row],[Quantity]]) )* (Table3[[#This Row],[Quantity]]>0))=1 -> TRUE | K47: =((Table3[[#This Row],[Quantity]]>=Table3[[#This Row],[Return Qty]])*(ISNUMBER(Table3[[#This Row],[Quantity]])))=1 -> TRUE | L47: =ISNUMBER(Table3[[#This Row],[Unit Price]]) -> TRUE | M47: =ISNUMBER(Table3[[#This Row],[Order Date]]) -> TRUE | N47: =IFERROR(IF(Table3[[#This Row],[Quantity]]*Table3[[#This Row],[Unit Price]]<0, "N/A", Table3[[#This Row],[Quantity]]*Table3[[#This Row],[Unit Price]]), "N/A") -> 345000 | O47: =IFERROR(Table3[[#This Row],[Unit Price]]*Table3[[#This Row],[Return Qty]], "N/A") -> 30000 | P47: =IFERROR(IF((Table3[[#This Row],[Revenue before return]]-Table3[[#This Row],[Amount of order returned]])<0, "N/A", Table3[[#This Row],[Revenue before return]]-Table3[[#This Row],[Amount of order returned]]), "N/A") -> 315000 | Q47: =IF(AND(Table3[[#This Row],[are branches correct]]=TRUE, Table3[[#This Row],[is quantity sold > quantity returned?]]=TRUE, Table3[[#This Row],[Unit price is valid]]=TRUE,Table3[[#This Row],[is the date valid]]=TRUE,Table3[[#This Row],[valid QTY]]=TRUE), "No action required", "Inspect") -> No action required
A48: T00047 | B48: Ibadan | C48: Bread | D48: N/A | E48: 20000 | F48: C0228 | G48: 46189 | H48: 0 | I48: =IF(OR('CAL-DATA VALIDATION'!$A$2=Table3[[#This Row],[Branch]], 'CAL-DATA VALIDATION'!$A$3=Table3[[#This Row],[Branch]],'CAL-DATA VALIDATION'!$A$4=Table3[[#This Row],[Branch]],'CAL-DATA VALIDATION'!$A$5=Table3[[#This Row],[Branch]]), TRUE, FALSE) -> TRUE | J48: =((ISNUMBER(Table3[[#This Row],[Quantity]]) )* (Table3[[#This Row],[Quantity]]>0))=1 -> FALSE | K48: =((Table3[[#This Row],[Quantity]]>=Table3[[#This Row],[Return Qty]])*(ISNUMBER(Table3[[#This Row],[Quantity]])))=1 -> FALSE | L48: =ISNUMBER(Table3[[#This Row],[Unit Price]]) -> TRUE | M48: =ISNUMBER(Table3[[#This Row],[Order Date]]) -> TRUE | N48: =IFERROR(IF(Table3[[#This Row],[Quantity]]*Table3[[#This Row],[Unit Price]]<0, "N/A", Table3[[#This Row],[Quantity]]*Table3[[#This Row],[Unit Price]]), "N/A") -> N/A | O48: =IFERROR(Table3[[#This Row],[Unit Price]]*Table3[[#This Row],[Return Qty]], "N/A") -> 0 | P48: =IFERROR(IF((Table3[[#This Row],[Revenue before return]]-Table3[[#This Row],[Amount of order returned]])<0, "N/A", Table3[[#This Row],[Revenue before return]]-Table3[[#This Row],[Amount of order returned]]), "N/A") -> N/A | Q48: =IF(AND(Table3[[#This Row],[are branches correct]]=TRUE, Table3[[#This Row],[is quantity sold > quantity returned?]]=TRUE, Table3[[#This Row],[Unit price is valid]]=TRUE,Table3[[#This Row],[is the date valid]]=TRUE,Table3[[#This Row],[valid QTY]]=TRUE), "No action required", "Inspect") -> Inspect
A49: T00048 | B49: Abuja | C49: Eggs | D49: 5 | E49: 12000 | F49: C0264 | G49: 46172 | H49: 0 | I49: =IF(OR('CAL-DATA VALIDATION'!$A$2=Table3[[#This Row],[Branch]], 'CAL-DATA VALIDATION'!$A$3=Table3[[#This Row],[Branch]],'CAL-DATA VALIDATION'!$A$4=Table3[[#This Row],[Branch]],'CAL-DATA VALIDATION'!$A$5=Table3[[#This Row],[Branch]]), TRUE, FALSE) -> TRUE | J49: =((ISNUMBER(Table3[[#This Row],[Quantity]]) )* (Table3[[#This Row],[Quantity]]>0))=1 -> TRUE | K49: =((Table3[[#This Row],[Quantity]]>=Table3[[#This Row],[Return Qty]])*(ISNUMBER(Table3[[#This Row],[Quantity]])))=1 -> TRUE | L49: =ISNUMBER(Table3[[#This Row],[Unit Price]]) -> TRUE | M49: =ISNUMBER(Table3[[#This Row],[Order Date]]) -> TRUE | N49: =IFERROR(IF(Table3[[#This Row],[Quantity]]*Table3[[#This Row],[Unit Price]]<0, "N/A", Table3[[#This Row],[Quantity]]*Table3[[#This Row],[Unit Price]]), "N/A") -> 60000 | O49: =IFERROR(Table3[[#This Row],[Unit Price]]*Table3[[#This Row],[Return Qty]], "N/A") -> 0 | P49: =IFERROR(IF((Table3[[#This Row],[Revenue before return]]-Table3[[#This Row],[Amount of order returned]])<0, "N/A", Table3[[#This Row],[Revenue before return]]-Table3[[#This Row],[Amount of order returned]]), "N/A") -> 60000 | Q49: =IF(AND(Table3[[#This Row],[are branches correct]]=TRUE, Table3[[#This Row],[is quantity sold > quantity returned?]]=TRUE, Table3[[#This Row],[Unit price is valid]]=TRUE,Table3[[#This Row],[is the date valid]]=TRUE,Table3[[#This Row],[valid QTY]]=TRUE), "No action required", "Inspect") -> No action required
A50: T00049 | B50: Ibadan | C50: Rice | D50: 5 | E50: 50000 | F50: C0067 | G50: 46193 | H50: 0 | I50: =IF(OR('CAL-DATA VALIDATION'!$A$2=Table3[[#This Row],[Branch]], 'CAL-DATA VALIDATION'!$A$3=Table3[[#This Row],[Branch]],'CAL-DATA VALIDATION'!$A$4=Table3[[#This Row],[Branch]],'CAL-DATA VALIDATION'!$A$5=Table3[[#This Row],[Branch]]), TRUE, FALSE) -> TRUE | J50: =((ISNUMBER(Table3[[#This Row],[Quantity]]) )* (Table3[[#This Row],[Quantity]]>0))=1 -> TRUE | K50: =((Table3[[#This Row],[Quantity]]>=Table3[[#This Row],[Return Qty]])*(ISNUMBER(Table3[[#This Row],[Quantity]])))=1 -> TRUE | L50: =ISNUMBER(Table3[[#This Row],[Unit Price]]) -> TRUE | M50: =ISNUMBER(Table3[[#This Row],[Order Date]]) -> TRUE | N50: =IFERROR(IF(Table3[[#This Row],[Quantity]]*Table3[[#This Row],[Unit Price]]<0, "N/A", Table3[[#This Row],[Quantity]]*Table3[[#This Row],[Unit Price]]), "N/A") -> 250000 | O50: =IFERROR(Table3[[#This Row],[Unit Price]]*Table3[[#This Row],[Return Qty]], "N/A") -> 0 | P50: =IFERROR(IF((Table3[[#This Row],[Revenue before return]]-Table3[[#This Row],[Amount of order returned]])<0, "N/A", Table3[[#This Row],[Revenue before return]]-Table3[[#This Row],[Amount of order returned]]), "N/A") -> 250000 | Q50: =IF(AND(Table3[[#This Row],[are branches correct]]=TRUE, Table3[[#This Row],[is quantity sold > quantity returned?]]=TRUE, Table3[[#This Row],[Unit price is valid]]=TRUE,Table3[[#This Row],[is the date valid]]=TRUE,Table3[[#This Row],[valid QTY]]=TRUE), "No action required", "Inspect") -> No action required
A51: T00050 | B51: Lagos | C51: Tomato | D51: 17 | E51: 8000 | F51: C0035 | G51: 46079 | H51: 3 | I51: =IF(OR('CAL-DATA VALIDATION'!$A$2=Table3[[#This Row],[Branch]], 'CAL-DATA VALIDATION'!$A$3=Table3[[#This Row],[Branch]],'CAL-DATA VALIDATION'!$A$4=Table3[[#This Row],[Branch]],'CAL-DATA VALIDATION'!$A$5=Table3[[#This Row],[Branch]]), TRUE, FALSE) -> TRUE | J51: =((ISNUMBER(Table3[[#This Row],[Quantity]]) )* (Table3[[#This Row],[Quantity]]>0))=1 -> TRUE | K51: =((Table3[[#This Row],[Quantity]]>=Table3[[#This Row],[Return Qty]])*(ISNUMBER(Table3[[#This Row],[Quantity]])))=1 -> TRUE | L51: =ISNUMBER(Table3[[#This Row],[Unit Price]]) -> TRUE | M51: =ISNUMBER(Table3[[#This Row],[Order Date]]) -> TRUE | N51: =IFERROR(IF(Table3[[#This Row],[Quantity]]*Table3[[#This Row],[Unit Price]]<0, "N/A", Table3[[#This Row],[Quantity]]*Table3[[#This Row],[Unit Price]]), "N/A") -> 136000 | O51: =IFERROR(Table3[[#This Row],[Unit Price]]*Table3[[#This Row],[Return Qty]], "N/A") -> 24000 | P51: =IFERROR(IF((Table3[[#This Row],[Revenue before return]]-Table3[[#This Row],[Amount of order returned]])<0, "N/A", Table3[[#This Row],[Revenue before return]]-Table3[[#This Row],[Amount of order returned]]), "N/A") -> 112000 | Q51: =IF(AND(Table3[[#This Row],[are branches correct]]=TRUE, Table3[[#This Row],[is quantity sold > quantity returned?]]=TRUE, Table3[[#This Row],[Unit price is valid]]=TRUE,Table3[[#This Row],[is the date valid]]=TRUE,Table3[[#This Row],[valid QTY]]=TRUE), "No action required", "Inspect") -> No action required
A52: T00051 | B52: Abuja | C52: Cooking Oil | D52: 16 | E52: 28000 | F52: C0178 | G52: 46134 | H52: 0 | I52: =IF(OR('CAL-DATA VALIDATION'!$A$2=Table3[[#This Row],[Branch]], 'CAL-DATA VALIDATION'!$A$3=Table3[[#This Row],[Branch]],'CAL-DATA VALIDATION'!$A$4=Table3[[#This Row],[Branch]],'CAL-DATA VALIDATION'!$A$5=Table3[[#This Row],[Branch]]), TRUE, FALSE) -> TRUE | J52: =((ISNUMBER(Table3[[#This Row],[Quantity]]) )* (Table3[[#This Row],[Quantity]]>0))=1 -> TRUE | K52: =((Table3[[#This Row],[Quantity]]>=Table3[[#This Row],[Return Qty]])*(ISNUMBER(Table3[[#This Row],[Quantity]])))=1 -> TRUE | L52: =ISNUMBER(Table3[[#This Row],[Unit Price]]) -> TRUE | M52: =ISNUMBER(Table3[[#This Row],[Order Date]]) -> TRUE | N52: =IFERROR(IF(Table3[[#This Row],[Quantity]]*Table3[[#This Row],[Unit Price]]<0, "N/A", Table3[[#This Row],[Quantity]]*Table3[[#This Row],[Unit Price]]), "N/A") -> 448000 | O52: =IFERROR(Table3[[#This Row],[Unit Price]]*Table3[[#This Row],[Return Qty]], "N/A") -> 0 | P52: =IFERROR(IF((Table3[[#This Row],[Revenue before return]]-Table3[[#This Row],[Amount of order returned]])<0, "N/A", Table3[[#This Row],[Revenue before return]]-Table3[[#This Row],[Amount of order returned]]), "N/A") -> 448000 | Q52: =IF(AND(Table3[[#This Row],[are branches correct]]=TRUE, Table3[[#This Row],[is quantity sold > quantity returned?]]=TRUE, Table3[[#This Row],[Unit price is valid]]=TRUE,Table3[[#This Row],[is the date valid]]=TRUE,Table3[[#This Row],[valid QTY]]=TRUE), "No action required", "Inspect") -> No action required
A53: T00052 | B53: Port Harcourt | C53: Milk | D53: 11 | E53: 20000 | F53: C0099 | G53: 46048 | H53: 0 | I53: =IF(OR('CAL-DATA VALIDATION'!$A$2=Table3[[#This Row],[Branch]], 'CAL-DATA VALIDATION'!$A$3=Table3[[#This Row],[Branch]],'CAL-DATA VALIDATION'!$A$4=Table3[[#This Row],[Branch]],'CAL-DATA VALIDATION'!$A$5=Table3[[#This Row],[Branch]]), TRUE, FALSE) -> TRUE | J53: =((ISNUMBER(Table3[[#This Row],[Quantity]]) )* (Table3[[#This Row],[Quantity]]>0))=1 -> TRUE | K53: =((Table3[[#This Row],[Quantity]]>=Table3[[#This Row],[Return Qty]])*(ISNUMBER(Table3[[#This Row],[Quantity]])))=1 -> TRUE | L53: =ISNUMBER(Table3[[#This Row],[Unit Price]]) -> TRUE | M53: =ISNUMBER(Table3[[#This Row],[Order Date]]) -> TRUE | N53: =IFERROR(IF(Table3[[#This Row],[Quantity]]*Table3[[#This Row],[Unit Price]]<0, "N/A", Table3[[#This Row],[Quantity]]*Table3[[#This Row],[Unit Price]]), "N/A") -> 220000 | O53: =IFERROR(Table3[[#This Row],[Unit Price]]*Table3[[#This Row],[Return Qty]], "N/A") -> 0 | P53: =IFERROR(IF((Table3[[#This Row],[Revenue before return]]-Table3[[#This Row],[Amount of order returned]])<0, "N/A", Table3[[#This Row],[Revenue before return]]-Table3[[#This Row],[Amount of order returned]]), "N/A") -> 220000 | Q53: =IF(AND(Table3[[#This Row],[are branches correct]]=TRUE, Table3[[#This Row],[is quantity sold > quantity returned?]]=TRUE, Table3[[#This Row],[Unit price is valid]]=TRUE,Table3[[#This Row],[is the date valid]]=TRUE,Table3[[#This Row],[valid QTY]]=TRUE), "No action required", "Inspect") -> No action required
A54: T00053 | B54: Lagos | C54: Cooking Oil | D54: 9 | E54: 28000 | F54: C0208 | G54: 46072 | H54: 0 | I54: =IF(OR('CAL-DATA VALIDATION'!$A$2=Table3[[#This Row],[Branch]], 'CAL-DATA VALIDATION'!$A$3=Table3[[#This Row],[Branch]],'CAL-DATA VALIDATION'!$A$4=Table3[[#This Row],[Branch]],'CAL-DATA VALIDATION'!$A$5=Table3[[#This Row],[Branch]]), TRUE, FALSE) -> TRUE | J54: =((ISNUMBER(Table3[[#This Row],[Quantity]]) )* (Table3[[#This Row],[Quantity]]>0))=1 -> TRUE | K54: =((Table3[[#This Row],[Quantity]]>=Table3[[#This Row],[Return Qty]])*(ISNUMBER(Table3[[#This Row],[Quantity]])))=1 -> TRUE | L54: =ISNUMBER(Table3[[#This Row],[Unit Price]]) -> TRUE | M54: =ISNUMBER(Table3[[#This Row],[Order Date]]) -> TRUE | N54: =IFERROR(IF(Table3[[#This Row],[Quantity]]*Table3[[#This Row],[Unit Price]]<0, "N/A", Table3[[#This Row],[Quantity]]*Table3[[#This Row],[Unit Price]]), "N/A") -> 252000 | O54: =IFERROR(Table3[[#This Row],[Unit Price]]*Table3[[#This Row],[Return Qty]], "N/A") -> 0 | P54: =IFERROR(IF((Table3[[#This Row],[Revenue before return]]-Table3[[#This Row],[Amount of order returned]])<0, "N/A", Table3[[#This Row],[Revenue before return]]-Table3[[#This Row],[Amount of order returned]]), "N/A") -> 252000 | Q54: =IF(AND(Table3[[#This Row],[are branches correct]]=TRUE, Table3[[#This Row],[is quantity sold > quantity returned?]]=TRUE, Table3[[#This Row],[Unit price is valid]]=TRUE,Table3[[#This Row],[is the date valid]]=TRUE,Table3[[#This Row],[valid QTY]]=TRUE), "No action required", "Inspect") -> No action required
A55: T00054 | B55: Ibadan | C55: Milk | D55: 24 | E55: 20000 | F55: C0146 | G55: 46182 | H55: 0 | I55: =IF(OR('CAL-DATA VALIDATION'!$A$2=Table3[[#This Row],[Branch]], 'CAL-DATA VALIDATION'!$A$3=Table3[[#This Row],[Branch]],'CAL-DATA VALIDATION'!$A$4=Table3[[#This Row],[Branch]],'CAL-DATA VALIDATION'!$A$5=Table3[[#This Row],[Branch]]), TRUE, FALSE) -> TRUE | J55: =((ISNUMBER(Table3[[#This Row],[Quantity]]) )* (Table3[[#This Row],[Quantity]]>0))=1 -> TRUE | K55: =((Table3[[#This Row],[Quantity]]>=Table3[[#This Row],[Return Qty]])*(ISNUMBER(Table3[[#This Row],[Quantity]])))=1 -> TRUE | L55: =ISNUMBER(Table3[[#This Row],[Unit Price]]) -> TRUE | M55: =ISNUMBER(Table3[[#This Row],[Order Date]]) -> TRUE | N55: =IFERROR(IF(Table3[[#This Row],[Quantity]]*Table3[[#This Row],[Unit Price]]<0, "N/A", Table3[[#This Row],[Quantity]]*Table3[[#This Row],[Unit Price]]), "N/A") -> 480000 | O55: =IFERROR(Table3[[#This Row],[Unit Price]]*Table3[[#This Row],[Return Qty]], "N/A") -> 0 | P55: =IFERROR(IF((Table3[[#This Row],[Revenue before return]]-Table3[[#This Row],[Amount of order returned]])<0, "N/A", Table3[[#This Row],[Revenue before return]]-Table3[[#This Row],[Amount of order returned]]), "N/A") -> 480000 | Q55: =IF(AND(Table3[[#This Row],[are branches correct]]=TRUE, Table3[[#This Row],[is quantity sold > quantity returned?]]=TRUE, Table3[[#This Row],[Unit price is valid]]=TRUE,Table3[[#This Row],[is the date valid]]=TRUE,Table3[[#This Row],[valid QTY]]=TRUE), "No action required", "Inspect") -> No action required
A56: T00055 | B56: ABUJA | C56: Rice | D56: 15 | E56: 50000 | F56: C0083 | G56: 46075 | H56: 0 | I56: =IF(OR('CAL-DATA VALIDATION'!$A$2=Table3[[#This Row],[Branch]], 'CAL-DATA VALIDATION'!$A$3=Table3[[#This Row],[Branch]],'CAL-DATA VALIDATION'!$A$4=Table3[[#This Row],[Branch]],'CAL-DATA VALIDATION'!$A$5=Table3[[#This Row],[Branch]]), TRUE, FALSE) -> TRUE | J56: =((ISNUMBER(Table3[[#This Row],[Quantity]]) )* (Table3[[#This Row],[Quantity]]>0))=1 -> TRUE | K56: =((Table3[[#This Row],[Quantity]]>=Table3[[#This Row],[Return Qty]])*(ISNUMBER(Table3[[#This Row],[Quantity]])))=1 -> TRUE | L56: =ISNUMBER(Table3[[#This Row],[Unit Price]]) -> TRUE | M56: =ISNUMBER(Table3[[#This Row],[Order Date]]) -> TRUE | N56: =IFERROR(IF(Table3[[#This Row],[Quantity]]*Table3[[#This Row],[Unit Price]]<0, "N/A", Table3[[#This Row],[Quantity]]*Table3[[#This Row],[Unit Price]]), "N/A") -> 750000 | O56: =IFERROR(Table3[[#This Row],[Unit Price]]*Table3[[#This Row],[Return Qty]], "N/A") -> 0 | P56: =IFERROR(IF((Table3[[#This Row],[Revenue before return]]-Table3[[#This Row],[Amount of order returned]])<0, "N/A", Table3[[#This Row],[Revenue before return]]-Table3[[#This Row],[Amount of order returned]]), "N/A") -> 750000 | Q56: =IF(AND(Table3[[#This Row],[are branches correct]]=TRUE, Table3[[#This Row],[is quantity sold > quantity returned?]]=TRUE, Table3[[#This Row],[Unit price is valid]]=TRUE,Table3[[#This Row],[is the date valid]]=TRUE,Table3[[#This Row],[valid QTY]]=TRUE), "No action required", "Inspect") -> No action required
A57: T00056 | B57: Ibadan | C57: Rice | D57: 14 | E57: 50000 | F57: C0052 | G57: 46079 | H57: 0 | I57: =IF(OR('CAL-DATA VALIDATION'!$A$2=Table3[[#This Row],[Branch]], 'CAL-DATA VALIDATION'!$A$3=Table3[[#This Row],[Branch]],'CAL-DATA VALIDATION'!$A$4=Table3[[#This Row],[Branch]],'CAL-DATA VALIDATION'!$A$5=Table3[[#This Row],[Branch]]), TRUE, FALSE) -> TRUE | J57: =((ISNUMBER(Table3[[#This Row],[Quantity]]) )* (Table3[[#This Row],[Quantity]]>0))=1 -> TRUE | K57: =((Table3[[#This Row],[Quantity]]>=Table3[[#This Row],[Return Qty]])*(ISNUMBER(Table3[[#This Row],[Quantity]])))=1 -> TRUE | L57: =ISNUMBER(Table3[[#This Row],[Unit Price]]) -> TRUE | M57: =ISNUMBER(Table3[[#This Row],[Order Date]]) -> TRUE | N57: =IFERROR(IF(Table3[[#This Row],[Quantity]]*Table3[[#This Row],[Unit Price]]<0, "N/A", Table3[[#This Row],[Quantity]]*Table3[[#This Row],[Unit Price]]), "N/A") -> 700000 | O57: =IFERROR(Table3[[#This Row],[Unit Price]]*Table3[[#This Row],[Return Qty]], "N/A") -> 0 | P57: =IFERROR(IF((Table3[[#This Row],[Revenue before return]]-Table3[[#This Row],[Amount of order returned]])<0, "N/A", Table3[[#This Row],[Revenue before return]]-Table3[[#This Row],[Amount of order returned]]), "N/A") -> 700000 | Q57: =IF(AND(Table3[[#This Row],[are branches correct]]=TRUE, Table3[[#This Row],[is quantity sold > quantity returned?]]=TRUE, Table3[[#This Row],[Unit price is valid]]=TRUE,Table3[[#This Row],[is the date valid]]=TRUE,Table3[[#This Row],[valid QTY]]=TRUE), "No action required", "Inspect") -> No action required
A58: T00057 | B58: Lagos | C58: Rice | D58: 24 | E58: 50000 | F58: C0254 | G58: 46112 | H58: 0 | I58: =IF(OR('CAL-DATA VALIDATION'!$A$2=Table3[[#This Row],[Branch]], 'CAL-DATA VALIDATION'!$A$3=Table3[[#This Row],[Branch]],'CAL-DATA VALIDATION'!$A$4=Table3[[#This Row],[Branch]],'CAL-DATA VALIDATION'!$A$5=Table3[[#This Row],[Branch]]), TRUE, FALSE) -> TRUE | J58: =((ISNUMBER(Table3[[#This Row],[Quantity]]) )* (Table3[[#This Row],[Quantity]]>0))=1 -> TRUE | K58: =((Table3[[#This Row],[Quantity]]>=Table3[[#This Row],[Return Qty]])*(ISNUMBER(Table3[[#This Row],[Quantity]])))=1 -> TRUE | L58: =ISNUMBER(Table3[[#This Row],[Unit Price]]) -> TRUE | M58: =ISNUMBER(Table3[[#This Row],[Order Date]]) -> TRUE | N58: =IFERROR(IF(Table3[[#This Row],[Quantity]]*Table3[[#This Row],[Unit Price]]<0, "N/A", Table3[[#This Row],[Quantity]]*Table3[[#This Row],[Unit Price]]), "N/A") -> 1200000 | O58: =IFERROR(Table3[[#This Row],[Unit Price]]*Table3[[#This Row],[Return Qty]], "N/A") -> 0 | P58: =IFERROR(IF((Table3[[#This Row],[Revenue before return]]-Table3[[#This Row],[Amount of order returned]])<0, "N/A", Table3[[#This Row],[Revenue before return]]-Table3[[#This Row],[Amount of order returned]]), "N/A") -> 1200000 | Q58: =IF(AND(Table3[[#This Row],[are branches correct]]=TRUE, Table3[[#This Row],[is quantity sold > quantity returned?]]=TRUE, Table3[[#This Row],[Unit price is valid]]=TRUE,Table3[[#This Row],[is the date valid]]=TRUE,Table3[[#This Row],[valid QTY]]=TRUE), "No action required", "Inspect") -> No action required
A59: T00058 | B59: Ibadan | C59: Chicken | D59: 20 | E59: 17500 | F59: C0222 | G59: 46095 | H59: 0 | I59: =IF(OR('CAL-DATA VALIDATION'!$A$2=Table3[[#This Row],[Branch]], 'CAL-DATA VALIDATION'!$A$3=Table3[[#This Row],[Branch]],'CAL-DATA VALIDATION'!$A$4=Table3[[#This Row],[Branch]],'CAL-DATA VALIDATION'!$A$5=Table3[[#This Row],[Branch]]), TRUE, FALSE) -> TRUE | J59: =((ISNUMBER(Table3[[#This Row],[Quantity]]) )* (Table3[[#This Row],[Quantity]]>0))=1 -> TRUE | K59: =((Table3[[#This Row],[Quantity]]>=Table3[[#This Row],[Return Qty]])*(ISNUMBER(Table3[[#This Row],[Quantity]])))=1 -> TRUE | L59: =ISNUMBER(Table3[[#This Row],[Unit Price]]) -> TRUE | M59: =ISNUMBER(Table3[[#This Row],[Order Date]]) -> TRUE | N59: =IFERROR(IF(Table3[[#This Row],[Quantity]]*Table3[[#This Row],[Unit Price]]<0, "N/A", Table3[[#This Row],[Quantity]]*Table3[[#This Row],[Unit Price]]), "N/A") -> 350000 | O59: =IFERROR(Table3[[#This Row],[Unit Price]]*Table3[[#This Row],[Return Qty]], "N/A") -> 0 | P59: =IFERROR(IF((Table3[[#This Row],[Revenue before return]]-Table3[[#This Row],[Amount of order returned]])<0, "N/A", Table3[[#This Row],[Revenue before return]]-Table3[[#This Row],[Amount of order returned]]), "N/A") -> 350000 | Q59: =IF(AND(Table3[[#This Row],[are branches correct]]=TRUE, Table3[[#This Row],[is quantity sold > quantity returned?]]=TRUE, Table3[[#This Row],[Unit price is valid]]=TRUE,Table3[[#This Row],[is the date valid]]=TRUE,Table3[[#This Row],[valid QTY]]=TRUE), "No action required", "Inspect") -> No action required
A60: T00059 | B60: Abuja | C60: Cooking Oil | D60: 15 | E60: 28000 | F60: C0189 | G60: 46058 | H60: 0 | I60: =IF(OR('CAL-DATA VALIDATION'!$A$2=Table3[[#This Row],[Branch]], 'CAL-DATA VALIDATION'!$A$3=Table3[[#This Row],[Branch]],'CAL-DATA VALIDATION'!$A$4=Table3[[#This Row],[Branch]],'CAL-DATA VALIDATION'!$A$5=Table3[[#This Row],[Branch]]), TRUE, FALSE) -> TRUE | J60: =((ISNUMBER(Table3[[#This Row],[Quantity]]) )* (Table3[[#This Row],[Quantity]]>0))=1 -> TRUE | K60: =((Table3[[#This Row],[Quantity]]>=Table3[[#This Row],[Return Qty]])*(ISNUMBER(Table3[[#This Row],[Quantity]])))=1 -> TRUE | L60: =ISNUMBER(Table3[[#This Row],[Unit Price]]) -> TRUE | M60: =ISNUMBER(Table3[[#This Row],[Order Date]]) -> TRUE | N60: =IFERROR(IF(Table3[[#This Row],[Quantity]]*Table3[[#This Row],[Unit Price]]<0, "N/A", Table3[[#This Row],[Quantity]]*Table3[[#This Row],[Unit Price]]), "N/A") -> 420000 | O60: =IFERROR(Table3[[#This Row],[Unit Price]]*Table3[[#This Row],[Return Qty]], "N/A") -> 0 | P60: =IFERROR(IF((Table3[[#This Row],[Revenue before return]]-Table3[[#This Row],[Amount of order returned]])<0, "N/A", Table3[[#This Row],[Revenue before return]]-Table3[[#This Row],[Amount of order returned]]), "N/A") -> 420000 | Q60: =IF(AND(Table3[[#This Row],[are branches correct]]=TRUE, Table3[[#This Row],[is quantity sold > quantity returned?]]=TRUE, Table3[[#This Row],[Unit price is valid]]=TRUE,Table3[[#This Row],[is the date valid]]=TRUE,Table3[[#This Row],[valid QTY]]=TRUE), "No action required", "Inspect") -> No action required
... A71: T00070 | B71: Ibadan | C71: Bread | D71: 1 | E71: 20000 | F71: C0040 | G71: 46051 | H71: 0 | I71: =IF(OR('CAL-DATA VALIDATION'!$A$2=Table3[[#This Row],[Branch]], 'CAL-DATA VALIDATION'!$A$3=Table3[[#This Row],[Branch]],'CAL-DATA VALIDATION'!$A$4=Table3[[#This Row],[Branch]],'CAL-DATA VALIDATION'!$A$5=Table3[[#This Row],[Branch]]), TRUE, FALSE) -> TRUE | J71: =((ISNUMBER(Table3[[#This Row],[Quantity]]) )* (Table3[[#This Row],[Quantity]]>0))=1 -> TRUE | K71: =((Table3[[#This Row],[Quantity]]>=Table3[[#This Row],[Return Qty]])*(ISNUMBER(Table3[[#This Row],[Quantity]])))=1 -> TRUE | L71: =ISNUMBER(Table3[[#This Row],[Unit Price]]) -> TRUE | M71: =ISNUMBER(Table3[[#This Row],[Order Date]]) -> TRUE | N71: =IFERROR(IF(Table3[[#This Row],[Quantity]]*Table3[[#This Row],[Unit Price]]<0, "N/A", Table3[[#This Row],[Quantity]]*Table3[[#This Row],[Unit Price]]), "N/A") -> 20000 | O71: =IFERROR(Table3[[#This Row],[Unit Price]]*Table3[[#This Row],[Return Qty]], "N/A") -> 0 | P71: =IFERROR(IF((Table3[[#This Row],[Revenue before return]]-Table3[[#This Row],[Amount of order returned]])<0, "N/A", Table3[[#This Row],[Revenue before return]]-Table3[[#This Row],[Amount of order returned]]), "N/A") -> 20000 | Q71: =IF(AND(Table3[[#This Row],[are branches correct]]=TRUE, Table3[[#This Row],[is quantity sold > quantity returned?]]=TRUE, Table3[[#This Row],[Unit price is valid]]=TRUE,Table3[[#This Row],[is the date valid]]=TRUE,Table3[[#This Row],[valid QTY]]=TRUE), "No action required", "Inspect") -> No action required
A72: T00071 | B72: Lagos | C72: Cooking Oil | D72: 24 | E72: 28000 | F72: C0045 | G72: N/A | H72: 0 | I72: =IF(OR('CAL-DATA VALIDATION'!$A$2=Table3[[#This Row],[Branch]], 'CAL-DATA VALIDATION'!$A$3=Table3[[#This Row],[Branch]],'CAL-DATA VALIDATION'!$A$4=Table3[[#This Row],[Branch]],'CAL-DATA VALIDATION'!$A$5=Table3[[#This Row],[Branch]]), TRUE, FALSE) -> TRUE | J72: =((ISNUMBER(Table3[[#This Row],[Quantity]]) )* (Table3[[#This Row],[Quantity]]>0))=1 -> TRUE | K72: =((Table3[[#This Row],[Quantity]]>=Table3[[#This Row],[Return Qty]])*(ISNUMBER(Table3[[#This Row],[Quantity]])))=1 -> TRUE | L72: =ISNUMBER(Table3[[#This Row],[Unit Price]]) -> TRUE | M72: =ISNUMBER(Table3[[#This Row],[Order Date]]) -> FALSE | N72: =IFERROR(IF(Table3[[#This Row],[Quantity]]*Table3[[#This Row],[Unit Price]]<0, "N/A", Table3[[#This Row],[Quantity]]*Table3[[#This Row],[Unit Price]]), "N/A") -> 672000 | O72: =IFERROR(Table3[[#This Row],[Unit Price]]*Table3[[#This Row],[Return Qty]], "N/A") -> 0 | P72: =IFERROR(IF((Table3[[#This Row],[Revenue before return]]-Table3[[#This Row],[Amount of order returned]])<0, "N/A", Table3[[#This Row],[Revenue before return]]-Table3[[#This Row],[Amount of order returned]]), "N/A") -> 672000 | Q72: =IF(AND(Table3[[#This Row],[are branches correct]]=TRUE, Table3[[#This Row],[is quantity sold > quantity returned?]]=TRUE, Table3[[#This Row],[Unit price is valid]]=TRUE,Table3[[#This Row],[is the date valid]]=TRUE,Table3[[#This Row],[valid QTY]]=TRUE), "No action required", "Inspect") -> Inspect
A73: T00072 | B73: Ibadan | C73: Chicken | D73: 23 | E73: 35000 | F73: C0224 | G73: 46153 | H73: 0 | I73: =IF(OR('CAL-DATA VALIDATION'!$A$2=Table3[[#This Row],[Branch]], 'CAL-DATA VALIDATION'!$A$3=Table3[[#This Row],[Branch]],'CAL-DATA VALIDATION'!$A$4=Table3[[#This Row],[Branch]],'CAL-DATA VALIDATION'!$A$5=Table3[[#This Row],[Branch]]), TRUE, FALSE) -> TRUE | J73: =((ISNUMBER(Table3[[#This Row],[Quantity]]) )* (Table3[[#This Row],[Quantity]]>0))=1 -> TRUE | K73: =((Table3[[#This Row],[Quantity]]>=Table3[[#This Row],[Return Qty]])*(ISNUMBER(Table3[[#This Row],[Quantity]])))=1 -> TRUE | L73: =ISNUMBER(Table3[[#This Row],[Unit Price]]) -> TRUE | M73: =ISNUMBER(Table3[[#This Row],[Order Date]]) -> TRUE | N73: =IFERROR(IF(Table3[[#This Row],[Quantity]]*Table3[[#This Row],[Unit Price]]<0, "N/A", Table3[[#This Row],[Quantity]]*Table3[[#This Row],[Unit Price]]), "N/A") -> 805000 | O73: =IFERROR(Table3[[#This Row],[Unit Price]]*Table3[[#This Row],[Return Qty]], "N/A") -> 0 | P73: =IFERROR(IF((Table3[[#This Row],[Revenue before return]]-Table3[[#This Row],[Amount of order returned]])<0, "N/A", Table3[[#This Row],[Revenue before return]]-Table3[[#This Row],[Amount of order returned]]), "N/A") -> 805000 | Q73: =IF(AND(Table3[[#This Row],[are branches correct]]=TRUE, Table3[[#This Row],[is quantity sold > quantity returned?]]=TRUE, Table3[[#This Row],[Unit price is valid]]=TRUE,Table3[[#This Row],[is the date valid]]=TRUE,Table3[[#This Row],[valid QTY]]=TRUE), "No action required", "Inspect") -> No action required
A74: T00073 | B74: Abuja | C74: Tomato | D74: 24 | E74: 8000 | F74: C0141 | G74: 46163 | H74: 0 | I74: =IF(OR('CAL-DATA VALIDATION'!$A$2=Table3[[#This Row],[Branch]], 'CAL-DATA VALIDATION'!$A$3=Table3[[#This Row],[Branch]],'CAL-DATA VALIDATION'!$A$4=Table3[[#This Row],[Branch]],'CAL-DATA VALIDATION'!$A$5=Table3[[#This Row],[Branch]]), TRUE, FALSE) -> TRUE | J74: =((ISNUMBER(Table3[[#This Row],[Quantity]]) )* (Table3[[#This Row],[Quantity]]>0))=1 -> TRUE | K74: =((Table3[[#This Row],[Quantity]]>=Table3[[#This Row],[Return Qty]])*(ISNUMBER(Table3[[#This Row],[Quantity]])))=1 -> TRUE | L74: =ISNUMBER(Table3[[#This Row],[Unit Price]]) -> TRUE | M74: =ISNUMBER(Table3[[#This Row],[Order Date]]) -> TRUE | N74: =IFERROR(IF(Table3[[#This Row],[Quantity]]*Table3[[#This Row],[Unit Price]]<0, "N/A", Table3[[#This Row],[Quantity]]*Table3[[#This Row],[Unit Price]]), "N/A") -> 192000 | O74: =IFERROR(Table3[[#This Row],[Unit Price]]*Table3[[#This Row],[Return Qty]], "N/A") -> 0 | P74: =IFERROR(IF((Table3[[#This Row],[Revenue before return]]-Table3[[#This Row],[Amount of order returned]])<0, "N/A", Table3[[#This Row],[Revenue before return]]-Table3[[#This Row],[Amount of order returned]]), "N/A") -> 192000 | Q74: =IF(AND(Table3[[#This Row],[are branches correct]]=TRUE, Table3[[#This Row],[is quantity sold > quantity returned?]]=TRUE, Table3[[#This Row],[Unit price is valid]]=TRUE,Table3[[#This Row],[is the date valid]]=TRUE,Table3[[#This Row],[valid QTY]]=TRUE), "No action required", "Inspect") -> No action required
A75: T00074 | B75: Port Harcourt | C75: Pasta | D75: 1 | E75: 15000 | F75: C0065 | G75: 46076 | H75: 0 | I75: =IF(OR('CAL-DATA VALIDATION'!$A$2=Table3[[#This Row],[Branch]], 'CAL-DATA VALIDATION'!$A$3=Table3[[#This Row],[Branch]],'CAL-DATA VALIDATION'!$A$4=Table3[[#This Row],[Branch]],'CAL-DATA VALIDATION'!$A$5=Table3[[#This Row],[Branch]]), TRUE, FALSE) -> TRUE | J75: =((ISNUMBER(Table3[[#This Row],[Quantity]]) )* (Table3[[#This Row],[Quantity]]>0))=1 -> TRUE | K75: =((Table3[[#This Row],[Quantity]]>=Table3[[#This Row],[Return Qty]])*(ISNUMBER(Table3[[#This Row],[Quantity]])))=1 -> TRUE | L75: =ISNUMBER(Table3[[#This Row],[Unit Price]]) -> TRUE | M75: =ISNUMBER(Table3[[#This Row],[Order Date]]) -> TRUE | N75: =IFERROR(IF(Table3[[#This Row],[Quantity]]*Table3[[#This Row],[Unit Price]]<0, "N/A", Table3[[#This Row],[Quantity]]*Table3[[#This Row],[Unit Price]]), "N/A") -> 15000 | O75: =IFERROR(Table3[[#This Row],[Unit Price]]*Table3[[#This Row],[Return Qty]], "N/A") -> 0 | P75: =IFERROR(IF((Table3[[#This Row],[Revenue before return]]-Table3[[#This Row],[Amount of order returned]])<0, "N/A", Table3[[#This Row],[Revenue before return]]-Table3[[#This Row],[Amount of order returned]]), "N/A") -> 15000 | Q75: =IF(AND(Table3[[#This Row],[are branches correct]]=TRUE, Table3[[#This Row],[is quantity sold > quantity returned?]]=TRUE, Table3[[#This Row],[Unit price is valid]]=TRUE,Table3[[#This Row],[is the date valid]]=TRUE,Table3[[#This Row],[valid QTY]]=TRUE), "No action required", "Inspect") -> No action required
A76: T00075 | B76: Abuja | C76: Chicken | D76: 24 | E76: 35000 | F76: C0071 | G76: 46106 | H76: 4 | I76: =IF(OR('CAL-DATA VALIDATION'!$A$2=Table3[[#This Row],[Branch]], 'CAL-DATA VALIDATION'!$A$3=Table3[[#This Row],[Branch]],'CAL-DATA VALIDATION'!$A$4=Table3[[#This Row],[Branch]],'CAL-DATA VALIDATION'!$A$5=Table3[[#This Row],[Branch]]), TRUE, FALSE) -> TRUE | J76: =((ISNUMBER(Table3[[#This Row],[Quantity]]) )* (Table3[[#This Row],[Quantity]]>0))=1 -> TRUE | K76: =((Table3[[#This Row],[Quantity]]>=Table3[[#This Row],[Return Qty]])*(ISNUMBER(Table3[[#This Row],[Quantity]])))=1 -> TRUE | L76: =ISNUMBER(Table3[[#This Row],[Unit Price]]) -> TRUE | M76: =ISNUMBER(Table3[[#This Row],[Order Date]]) -> TRUE | N76: =IFERROR(IF(Table3[[#This Row],[Quantity]]*Table3[[#This Row],[Unit Price]]<0, "N/A", Table3[[#This Row],[Quantity]]*Table3[[#This Row],[Unit Price]]), "N/A") -> 840000 | O76: =IFERROR(Table3[[#This Row],[Unit Price]]*Table3[[#This Row],[Return Qty]], "N/A") -> 140000 | P76: =IFERROR(IF((Table3[[#This Row],[Revenue before return]]-Table3[[#This Row],[Amount of order returned]])<0, "N/A", Table3[[#This Row],[Revenue before return]]-Table3[[#This Row],[Amount of order returned]]), "N/A") -> 700000 | Q76: =IF(AND(Table3[[#This Row],[are branches correct]]=TRUE, Table3[[#This Row],[is quantity sold > quantity returned?]]=TRUE, Table3[[#This Row],[Unit price is valid]]=TRUE,Table3[[#This Row],[is the date valid]]=TRUE,Table3[[#This Row],[valid QTY]]=TRUE), "No action required", "Inspect") -> No action required
A77: T00076 | B77: Abuja | C77: Cooking Oil | D77: 5 | E77: 28000 | F77: C0280 | G77: 46142 | H77: 0 | I77: =IF(OR('CAL-DATA VALIDATION'!$A$2=Table3[[#This Row],[Branch]], 'CAL-DATA VALIDATION'!$A$3=Table3[[#This Row],[Branch]],'CAL-DATA VALIDATION'!$A$4=Table3[[#This Row],[Branch]],'CAL-DATA VALIDATION'!$A$5=Table3[[#This Row],[Branch]]), TRUE, FALSE) -> TRUE | J77: =((ISNUMBER(Table3[[#This Row],[Quantity]]) )* (Table3[[#This Row],[Quantity]]>0))=1 -> TRUE | K77: =((Table3[[#This Row],[Quantity]]>=Table3[[#This Row],[Return Qty]])*(ISNUMBER(Table3[[#This Row],[Quantity]])))=1 -> TRUE | L77: =ISNUMBER(Table3[[#This Row],[Unit Price]]) -> TRUE | M77: =ISNUMBER(Table3[[#This Row],[Order Date]]) -> TRUE | N77: =IFERROR(IF(Table3[[#This Row],[Quantity]]*Table3[[#This Row],[Unit Price]]<0, "N/A", Table3[[#This Row],[Quantity]]*Table3[[#This Row],[Unit Price]]), "N/A") -> 140000 | O77: =IFERROR(Table3[[#This Row],[Unit Price]]*Table3[[#This Row],[Return Qty]], "N/A") -> 0 | P77: =IFERROR(IF((Table3[[#This Row],[Revenue before return]]-Table3[[#This Row],[Amount of order returned]])<0, "N/A", Table3[[#This Row],[Revenue before return]]-Table3[[#This Row],[Amount of order returned]]), "N/A") -> 140000 | Q77: =IF(AND(Table3[[#This Row],[are branches correct]]=TRUE, Table3[[#This Row],[is quantity sold > quantity returned?]]=TRUE, Table3[[#This Row],[Unit price is valid]]=TRUE,Table3[[#This Row],[is the date valid]]=TRUE,Table3[[#This Row],[valid QTY]]=TRUE), "No action required", "Inspect") -> No action required
A78: T00077 | B78: Ibadan | C78: Cooking Oil | D78: 13 | E78: 28000 | F78: C0291 | G78: 46103 | H78: 21 | I78: =IF(OR('CAL-DATA VALIDATION'!$A$2=Table3[[#This Row],[Branch]], 'CAL-DATA VALIDATION'!$A$3=Table3[[#This Row],[Branch]],'CAL-DATA VALIDATION'!$A$4=Table3[[#This Row],[Branch]],'CAL-DATA VALIDATION'!$A$5=Table3[[#This Row],[Branch]]), TRUE, FALSE) -> TRUE | J78: =((ISNUMBER(Table3[[#This Row],[Quantity]]) )* (Table3[[#This Row],[Quantity]]>0))=1 -> TRUE | K78: =((Table3[[#This Row],[Quantity]]>=Table3[[#This Row],[Return Qty]])*(ISNUMBER(Table3[[#This Row],[Quantity]])))=1 -> FALSE | L78: =ISNUMBER(Table3[[#This Row],[Unit Price]]) -> TRUE | M78: =ISNUMBER(Table3[[#This Row],[Order Date]]) -> TRUE | N78: =IFERROR(IF(Table3[[#This Row],[Quantity]]*Table3[[#This Row],[Unit Price]]<0, "N/A", Table3[[#This Row],[Quantity]]*Table3[[#This Row],[Unit Price]]), "N/A") -> 364000 | O78: =IFERROR(Table3[[#This Row],[Unit Price]]*Table3[[#This Row],[Return Qty]], "N/A") -> 588000 | P78: =IFERROR(IF((Table3[[#This Row],[Revenue before return]]-Table3[[#This Row],[Amount of order returned]])<0, "N/A", Table3[[#This Row],[Revenue before return]]-Table3[[#This Row],[Amount of order returned]]), "N/A") -> N/A | Q78: =IF(AND(Table3[[#This Row],[are branches correct]]=TRUE, Table3[[#This Row],[is quantity sold > quantity returned?]]=TRUE, Table3[[#This Row],[Unit price is valid]]=TRUE,Table3[[#This Row],[is the date valid]]=TRUE,Table3[[#This Row],[valid QTY]]=TRUE), "No action required", "Inspect") -> Inspect
A79: T00078 | B79: port harcourt | C79: Tomato | D79: 8 | E79: 8000 | F79: C0220 | G79: 46175 | H79: 0 | I79: =IF(OR('CAL-DATA VALIDATION'!$A$2=Table3[[#This Row],[Branch]], 'CAL-DATA VALIDATION'!$A$3=Table3[[#This Row],[Branch]],'CAL-DATA VALIDATION'!$A$4=Table3[[#This Row],[Branch]],'CAL-DATA VALIDATION'!$A$5=Table3[[#This Row],[Branch]]), TRUE, FALSE) -> TRUE | J79: =((ISNUMBER(Table3[[#This Row],[Quantity]]) )* (Table3[[#This Row],[Quantity]]>0))=1 -> TRUE | K79: =((Table3[[#This Row],[Quantity]]>=Table3[[#This Row],[Return Qty]])*(ISNUMBER(Table3[[#This Row],[Quantity]])))=1 -> TRUE | L79: =ISNUMBER(Table3[[#This Row],[Unit Price]]) -> TRUE | M79: =ISNUMBER(Table3[[#This Row],[Order Date]]) -> TRUE | N79: =IFERROR(IF(Table3[[#This Row],[Quantity]]*Table3[[#This Row],[Unit Price]]<0, "N/A", Table3[[#This Row],[Quantity]]*Table3[[#This Row],[Unit Price]]), "N/A") -> 64000 | O79: =IFERROR(Table3[[#This Row],[Unit Price]]*Table3[[#This Row],[Return Qty]], "N/A") -> 0 | P79: =IFERROR(IF((Table3[[#This Row],[Revenue before return]]-Table3[[#This Row],[Amount of order returned]])<0, "N/A", Table3[[#This Row],[Revenue before return]]-Table3[[#This Row],[Amount of order returned]]), "N/A") -> 64000 | Q79: =IF(AND(Table3[[#This Row],[are branches correct]]=TRUE, Table3[[#This Row],[is quantity sold > quantity returned?]]=TRUE, Table3[[#This Row],[Unit price is valid]]=TRUE,Table3[[#This Row],[is the date valid]]=TRUE,Table3[[#This Row],[valid QTY]]=TRUE), "No action required", "Inspect") -> No action required
A80: T00079 | B80: Abuja | C80: Pasta | D80: 17 | E80: 15000 | F80: C0099 | G80: 46119 | H80: 0 | I80: =IF(OR('CAL-DATA VALIDATION'!$A$2=Table3[[#This Row],[Branch]], 'CAL-DATA VALIDATION'!$A$3=Table3[[#This Row],[Branch]],'CAL-DATA VALIDATION'!$A$4=Table3[[#This Row],[Branch]],'CAL-DATA VALIDATION'!$A$5=Table3[[#This Row],[Branch]]), TRUE, FALSE) -> TRUE | J80: =((ISNUMBER(Table3[[#This Row],[Quantity]]) )* (Table3[[#This Row],[Quantity]]>0))=1 -> TRUE | K80: =((Table3[[#This Row],[Quantity]]>=Table3[[#This Row],[Return Qty]])*(ISNUMBER(Table3[[#This Row],[Quantity]])))=1 -> TRUE | L80: =ISNUMBER(Table3[[#This Row],[Unit Price]]) -> TRUE | M80: =ISNUMBER(Table3[[#This Row],[Order Date]]) -> TRUE | N80: =IFERROR(IF(Table3[[#This Row],[Quantity]]*Table3[[#This Row],[Unit Price]]<0, "N/A", Table3[[#This Row],[Quantity]]*Table3[[#This Row],[Unit Price]]), "N/A") -> 255000 | O80: =IFERROR(Table3[[#This Row],[Unit Price]]*Table3[[#This Row],[Return Qty]], "N/A") -> 0 | P80: =IFERROR(IF((Table3[[#This Row],[Revenue before return]]-Table3[[#This Row],[Amount of order returned]])<0, "N/A", Table3[[#This Row],[Revenue before return]]-Table3[[#This Row],[Amount of order returned]]), "N/A") -> 255000 | Q80: =IF(AND(Table3[[#This Row],[are branches correct]]=TRUE, Table3[[#This Row],[is quantity sold > quantity returned?]]=TRUE, Table3[[#This Row],[Unit price is valid]]=TRUE,Table3[[#This Row],[is the date valid]]=TRUE,Table3[[#This Row],[valid QTY]]=TRUE), "No action required", "Inspect") -> No action required
A81: T00080 | B81: Port Harcourt | C81: Chicken | D81: 19 | E81: 35000 | F81: C0028 | G81: 46056 | H81: 0 | I81: =IF(OR('CAL-DATA VALIDATION'!$A$2=Table3[[#This Row],[Branch]], 'CAL-DATA VALIDATION'!$A$3=Table3[[#This Row],[Branch]],'CAL-DATA VALIDATION'!$A$4=Table3[[#This Row],[Branch]],'CAL-DATA VALIDATION'!$A$5=Table3[[#This Row],[Branch]]), TRUE, FALSE) -> TRUE | J81: =((ISNUMBER(Table3[[#This Row],[Quantity]]) )* (Table3[[#This Row],[Quantity]]>0))=1 -> TRUE | K81: =((Table3[[#This Row],[Quantity]]>=Table3[[#This Row],[Return Qty]])*(ISNUMBER(Table3[[#This Row],[Quantity]])))=1 -> TRUE | L81: =ISNUMBER(Table3[[#This Row],[Unit Price]]) -> TRUE | M81: =ISNUMBER(Table3[[#This Row],[Order Date]]) -> TRUE | N81: =IFERROR(IF(Table3[[#This Row],[Quantity]]*Table3[[#This Row],[Unit Price]]<0, "N/A", Table3[[#This Row],[Quantity]]*Table3[[#This Row],[Unit Price]]), "N/A") -> 665000 | O81: =IFERROR(Table3[[#This Row],[Unit Price]]*Table3[[#This Row],[Return Qty]], "N/A") -> 0 | P81: =IFERROR(IF((Table3[[#This Row],[Revenue before return]]-Table3[[#This Row],[Amount of order returned]])<0, "N/A", Table3[[#This Row],[Revenue before return]]-Table3[[#This Row],[Amount of order returned]]), "N/A") -> 665000 | Q81: =IF(AND(Table3[[#This Row],[are branches correct]]=TRUE, Table3[[#This Row],[is quantity sold > quantity returned?]]=TRUE, Table3[[#This Row],[Unit price is valid]]=TRUE,Table3[[#This Row],[is the date valid]]=TRUE,Table3[[#This Row],[valid QTY]]=TRUE), "No action required", "Inspect") -> No action required
A82: T00081 | B82: Ibadan | C82: Pasta | D82: 15 | E82: 15000 | F82: C0237 | G82: 46135 | H82: 0 | I82: =IF(OR('CAL-DATA VALIDATION'!$A$2=Table3[[#This Row],[Branch]], 'CAL-DATA VALIDATION'!$A$3=Table3[[#This Row],[Branch]],'CAL-DATA VALIDATION'!$A$4=Table3[[#This Row],[Branch]],'CAL-DATA VALIDATION'!$A$5=Table3[[#This Row],[Branch]]), TRUE, FALSE) -> TRUE | J82: =((ISNUMBER(Table3[[#This Row],[Quantity]]) )* (Table3[[#This Row],[Quantity]]>0))=1 -> TRUE | K82: =((Table3[[#This Row],[Quantity]]>=Table3[[#This Row],[Return Qty]])*(ISNUMBER(Table3[[#This Row],[Quantity]])))=1 -> TRUE | L82: =ISNUMBER(Table3[[#This Row],[Unit Price]]) -> TRUE | M82: =ISNUMBER(Table3[[#This Row],[Order Date]]) -> TRUE | N82: =IFERROR(IF(Table3[[#This Row],[Quantity]]*Table3[[#This Row],[Unit Price]]<0, "N/A", Table3[[#This Row],[Quantity]]*Table3[[#This Row],[Unit Price]]), "N/A") -> 225000 | O82: =IFERROR(Table3[[#This Row],[Unit Price]]*Table3[[#This Row],[Return Qty]], "N/A") -> 0 | P82: =IFERROR(IF((Table3[[#This Row],[Revenue before return]]-Table3[[#This Row],[Amount of order returned]])<0, "N/A", Table3[[#This Row],[Revenue before return]]-Table3[[#This Row],[Amount of order returned]]), "N/A") -> 225000 | Q82: =IF(AND(Table3[[#This Row],[are branches correct]]=TRUE, Table3[[#This Row],[is quantity sold > quantity returned?]]=TRUE, Table3[[#This Row],[Unit price is valid]]=TRUE,Table3[[#This Row],[is the date valid]]=TRUE,Table3[[#This Row],[valid QTY]]=TRUE), "No action required", "Inspect") -> No action required
A83: T00082 | B83: Abuja | C83: Chicken | D83: 4 | E83: 35000 | F83: C0182 | G83: 46193 | H83: 1 | I83: =IF(OR('CAL-DATA VALIDATION'!$A$2=Table3[[#This Row],[Branch]], 'CAL-DATA VALIDATION'!$A$3=Table3[[#This Row],[Branch]],'CAL-DATA VALIDATION'!$A$4=Table3[[#This Row],[Branch]],'CAL-DATA VALIDATION'!$A$5=Table3[[#This Row],[Branch]]), TRUE, FALSE) -> TRUE | J83: =((ISNUMBER(Table3[[#This Row],[Quantity]]) )* (Table3[[#This Row],[Quantity]]>0))=1 -> TRUE | K83: =((Table3[[#This Row],[Quantity]]>=Table3[[#This Row],[Return Qty]])*(ISNUMBER(Table3[[#This Row],[Quantity]])))=1 -> TRUE | L83: =ISNUMBER(Table3[[#This Row],[Unit Price]]) -> TRUE | M83: =ISNUMBER(Table3[[#This Row],[Order Date]]) -> TRUE | N83: =IFERROR(IF(Table3[[#This Row],[Quantity]]*Table3[[#This Row],[Unit Price]]<0, "N/A", Table3[[#This Row],[Quantity]]*Table3[[#This Row],[Unit Price]]), "N/A") -> 140000 | O83: =IFERROR(Table3[[#This Row],[Unit Price]]*Table3[[#This Row],[Return Qty]], "N/A") -> 35000 | P83: =IFERROR(IF((Table3[[#This Row],[Revenue before return]]-Table3[[#This Row],[Amount of order returned]])<0, "N/A", Table3[[#This Row],[Revenue before return]]-Table3[[#This Row],[Amount of order returned]]), "N/A") -> 105000 | Q83: =IF(AND(Table3[[#This Row],[are branches correct]]=TRUE, Table3[[#This Row],[is quantity sold > quantity returned?]]=TRUE, Table3[[#This Row],[Unit price is valid]]=TRUE,Table3[[#This Row],[is the date valid]]=TRUE,Table3[[#This Row],[valid QTY]]=TRUE), "No action required", "Inspect") -> No action required
A84: T00083 | B84: Abuja | C84: Rice | D84: 7 | E84: 50000 | F84: C0172 | G84: 46158 | H84: 0 | I84: =IF(OR('CAL-DATA VALIDATION'!$A$2=Table3[[#This Row],[Branch]], 'CAL-DATA VALIDATION'!$A$3=Table3[[#This Row],[Branch]],'CAL-DATA VALIDATION'!$A$4=Table3[[#This Row],[Branch]],'CAL-DATA VALIDATION'!$A$5=Table3[[#This Row],[Branch]]), TRUE, FALSE) -> TRUE | J84: =((ISNUMBER(Table3[[#This Row],[Quantity]]) )* (Table3[[#This Row],[Quantity]]>0))=1 -> TRUE | K84: =((Table3[[#This Row],[Quantity]]>=Table3[[#This Row],[Return Qty]])*(ISNUMBER(Table3[[#This Row],[Quantity]])))=1 -> TRUE | L84: =ISNUMBER(Table3[[#This Row],[Unit Price]]) -> TRUE | M84: =ISNUMBER(Table3[[#This Row],[Order Date]]) -> TRUE | N84: =IFERROR(IF(Table3[[#This Row],[Quantity]]*Table3[[#This Row],[Unit Price]]<0, "N/A", Table3[[#This Row],[Quantity]]*Table3[[#This Row],[Unit Price]]), "N/A") -> 350000 | O84: =IFERROR(Table3[[#This Row],[Unit Price]]*Table3[[#This Row],[Return Qty]], "N/A") -> 0 | P84: =IFERROR(IF((Table3[[#This Row],[Revenue before return]]-Table3[[#This Row],[Amount of order returned]])<0, "N/A", Table3[[#This Row],[Revenue before return]]-Table3[[#This Row],[Amount of order returned]]), "N/A") -> 350000 | Q84: =IF(AND(Table3[[#This Row],[are branches correct]]=TRUE, Table3[[#This Row],[is quantity sold > quantity returned?]]=TRUE, Table3[[#This Row],[Unit price is valid]]=TRUE,Table3[[#This Row],[is the date valid]]=TRUE,Table3[[#This Row],[valid QTY]]=TRUE), "No action required", "Inspect") -> No action required
... A93: T00092 | B93: Ibadan | C93: Pasta | D93: 25 | E93: 15000 | F93: C0144 | G93: 46031 | H93: 0 | I93: =IF(OR('CAL-DATA VALIDATION'!$A$2=Table3[[#This Row],[Branch]], 'CAL-DATA VALIDATION'!$A$3=Table3[[#This Row],[Branch]],'CAL-DATA VALIDATION'!$A$4=Table3[[#This Row],[Branch]],'CAL-DATA VALIDATION'!$A$5=Table3[[#This Row],[Branch]]), TRUE, FALSE) -> TRUE | J93: =((ISNUMBER(Table3[[#This Row],[Quantity]]) )* (Table3[[#This Row],[Quantity]]>0))=1 -> TRUE | K93: =((Table3[[#This Row],[Quantity]]>=Table3[[#This Row],[Return Qty]])*(ISNUMBER(Table3[[#This Row],[Quantity]])))=1 -> TRUE | L93: =ISNUMBER(Table3[[#This Row],[Unit Price]]) -> TRUE | M93: =ISNUMBER(Table3[[#This Row],[Order Date]]) -> TRUE | N93: =IFERROR(IF(Table3[[#This Row],[Quantity]]*Table3[[#This Row],[Unit Price]]<0, "N/A", Table3[[#This Row],[Quantity]]*Table3[[#This Row],[Unit Price]]), "N/A") -> 375000 | O93: =IFERROR(Table3[[#This Row],[Unit Price]]*Table3[[#This Row],[Return Qty]], "N/A") -> 0 | P93: =IFERROR(IF((Table3[[#This Row],[Revenue before return]]-Table3[[#This Row],[Amount of order returned]])<0, "N/A", Table3[[#This Row],[Revenue before return]]-Table3[[#This Row],[Amount of order returned]]), "N/A") -> 375000 | Q93: =IF(AND(Table3[[#This Row],[are branches correct]]=TRUE, Table3[[#This Row],[is quantity sold > quantity returned?]]=TRUE, Table3[[#This Row],[Unit price is valid]]=TRUE,Table3[[#This Row],[is the date valid]]=TRUE,Table3[[#This Row],[valid QTY]]=TRUE), "No action required", "Inspect") -> No action required
A94: T00093 | B94: Port Harcourt | C94: Pasta | D94: 10 | E94: 15000 | F94: C0171 | G94: N/A | H94: 0 | I94: =IF(OR('CAL-DATA VALIDATION'!$A$2=Table3[[#This Row],[Branch]], 'CAL-DATA VALIDATION'!$A$3=Table3[[#This Row],[Branch]],'CAL-DATA VALIDATION'!$A$4=Table3[[#This Row],[Branch]],'CAL-DATA VALIDATION'!$A$5=Table3[[#This Row],[Branch]]), TRUE, FALSE) -> TRUE | J94: =((ISNUMBER(Table3[[#This Row],[Quantity]]) )* (Table3[[#This Row],[Quantity]]>0))=1 -> TRUE | K94: =((Table3[[#This Row],[Quantity]]>=Table3[[#This Row],[Return Qty]])*(ISNUMBER(Table3[[#This Row],[Quantity]])))=1 -> TRUE | L94: =ISNUMBER(Table3[[#This Row],[Unit Price]]) -> TRUE | M94: =ISNUMBER(Table3[[#This Row],[Order Date]]) -> FALSE | N94: =IFERROR(IF(Table3[[#This Row],[Quantity]]*Table3[[#This Row],[Unit Price]]<0, "N/A", Table3[[#This Row],[Quantity]]*Table3[[#This Row],[Unit Price]]), "N/A") -> 150000 | O94: =IFERROR(Table3[[#This Row],[Unit Price]]*Table3[[#This Row],[Return Qty]], "N/A") -> 0 | P94: =IFERROR(IF((Table3[[#This Row],[Revenue before return]]-Table3[[#This Row],[Amount of order returned]])<0, "N/A", Table3[[#This Row],[Revenue before return]]-Table3[[#This Row],[Amount of order returned]]), "N/A") -> 150000 | Q94: =IF(AND(Table3[[#This Row],[are branches correct]]=TRUE, Table3[[#This Row],[is quantity sold > quantity returned?]]=TRUE, Table3[[#This Row],[Unit price is valid]]=TRUE,Table3[[#This Row],[is the date valid]]=TRUE,Table3[[#This Row],[valid QTY]]=TRUE), "No action required", "Inspect") -> Inspect
A95: T00094 | B95: Port Harcourt | C95: Milk | D95: 9 | E95: 20000 | F95: C0137 | G95: 46101 | H95: 0 | I95: =IF(OR('CAL-DATA VALIDATION'!$A$2=Table3[[#This Row],[Branch]], 'CAL-DATA VALIDATION'!$A$3=Table3[[#This Row],[Branch]],'CAL-DATA VALIDATION'!$A$4=Table3[[#This Row],[Branch]],'CAL-DATA VALIDATION'!$A$5=Table3[[#This Row],[Branch]]), TRUE, FALSE) -> TRUE | J95: =((ISNUMBER(Table3[[#This Row],[Quantity]]) )* (Table3[[#This Row],[Quantity]]>0))=1 -> TRUE | K95: =((Table3[[#This Row],[Quantity]]>=Table3[[#This Row],[Return Qty]])*(ISNUMBER(Table3[[#This Row],[Quantity]])))=1 -> TRUE | L95: =ISNUMBER(Table3[[#This Row],[Unit Price]]) -> TRUE | M95: =ISNUMBER(Table3[[#This Row],[Order Date]]) -> TRUE | N95: =IFERROR(IF(Table3[[#This Row],[Quantity]]*Table3[[#This Row],[Unit Price]]<0, "N/A", Table3[[#This Row],[Quantity]]*Table3[[#This Row],[Unit Price]]), "N/A") -> 180000 | O95: =IFERROR(Table3[[#This Row],[Unit Price]]*Table3[[#This Row],[Return Qty]], "N/A") -> 0 | P95: =IFERROR(IF((Table3[[#This Row],[Revenue before return]]-Table3[[#This Row],[Amount of order returned]])<0, "N/A", Table3[[#This Row],[Revenue before return]]-Table3[[#This Row],[Amount of order returned]]), "N/A") -> 180000 | Q95: =IF(AND(Table3[[#This Row],[are branches correct]]=TRUE, Table3[[#This Row],[is quantity sold > quantity returned?]]=TRUE, Table3[[#This Row],[Unit price is valid]]=TRUE,Table3[[#This Row],[is the date valid]]=TRUE,Table3[[#This Row],[valid QTY]]=TRUE), "No action required", "Inspect") -> No action required
A96: T00095 | B96: Ibadan | C96: Eggs | D96: 25 | E96: 12000 | F96: C0269 | G96: 46096 | H96: 0 | I96: =IF(OR('CAL-DATA VALIDATION'!$A$2=Table3[[#This Row],[Branch]], 'CAL-DATA VALIDATION'!$A$3=Table3[[#This Row],[Branch]],'CAL-DATA VALIDATION'!$A$4=Table3[[#This Row],[Branch]],'CAL-DATA VALIDATION'!$A$5=Table3[[#This Row],[Branch]]), TRUE, FALSE) -> TRUE | J96: =((ISNUMBER(Table3[[#This Row],[Quantity]]) )* (Table3[[#This Row],[Quantity]]>0))=1 -> TRUE | K96: =((Table3[[#This Row],[Quantity]]>=Table3[[#This Row],[Return Qty]])*(ISNUMBER(Table3[[#This Row],[Quantity]])))=1 -> TRUE | L96: =ISNUMBER(Table3[[#This Row],[Unit Price]]) -> TRUE | M96: =ISNUMBER(Table3[[#This Row],[Order Date]]) -> TRUE | N96: =IFERROR(IF(Table3[[#This Row],[Quantity]]*Table3[[#This Row],[Unit Price]]<0, "N/A", Table3[[#This Row],[Quantity]]*Table3[[#This Row],[Unit Price]]), "N/A") -> 300000 | O96: =IFERROR(Table3[[#This Row],[Unit Price]]*Table3[[#This Row],[Return Qty]], "N/A") -> 0 | P96: =IFERROR(IF((Table3[[#This Row],[Revenue before return]]-Table3[[#This Row],[Amount of order returned]])<0, "N/A", Table3[[#This Row],[Revenue before return]]-Table3[[#This Row],[Amount of order returned]]), "N/A") -> 300000 | Q96: =IF(AND(Table3[[#This Row],[are branches correct]]=TRUE, Table3[[#This Row],[is quantity sold > quantity returned?]]=TRUE, Table3[[#This Row],[Unit price is valid]]=TRUE,Table3[[#This Row],[is the date valid]]=TRUE,Table3[[#This Row],[valid QTY]]=TRUE), "No action required", "Inspect") -> No action required
A97: T00096 | B97: Ibadan | C97: Eggs | D97: 23 | E97: 12000 | F97: C0073 | G97: 46032 | H97: 0 | I97: =IF(OR('CAL-DATA VALIDATION'!$A$2=Table3[[#This Row],[Branch]], 'CAL-DATA VALIDATION'!$A$3=Table3[[#This Row],[Branch]],'CAL-DATA VALIDATION'!$A$4=Table3[[#This Row],[Branch]],'CAL-DATA VALIDATION'!$A$5=Table3[[#This Row],[Branch]]), TRUE, FALSE) -> TRUE | J97: =((ISNUMBER(Table3[[#This Row],[Quantity]]) )* (Table3[[#This Row],[Quantity]]>0))=1 -> TRUE | K97: =((Table3[[#This Row],[Quantity]]>=Table3[[#This Row],[Return Qty]])*(ISNUMBER(Table3[[#This Row],[Quantity]])))=1 -> TRUE | L97: =ISNUMBER(Table3[[#This Row],[Unit Price]]) -> TRUE | M97: =ISNUMBER(Table3[[#This Row],[Order Date]]) -> TRUE | N97: =IFERROR(IF(Table3[[#This Row],[Quantity]]*Table3[[#This Row],[Unit Price]]<0, "N/A", Table3[[#This Row],[Quantity]]*Table3[[#This Row],[Unit Price]]), "N/A") -> 276000 | O97: =IFERROR(Table3[[#This Row],[Unit Price]]*Table3[[#This Row],[Return Qty]], "N/A") -> 0 | P97: =IFERROR(IF((Table3[[#This Row],[Revenue before return]]-Table3[[#This Row],[Amount of order returned]])<0, "N/A", Table3[[#This Row],[Revenue before return]]-Table3[[#This Row],[Amount of order returned]]), "N/A") -> 276000 | Q97: =IF(AND(Table3[[#This Row],[are branches correct]]=TRUE, Table3[[#This Row],[is quantity sold > quantity returned?]]=TRUE, Table3[[#This Row],[Unit price is valid]]=TRUE,Table3[[#This Row],[is the date valid]]=TRUE,Table3[[#This Row],[valid QTY]]=TRUE), "No action required", "Inspect") -> No action required
A98: T00097 | B98: Ibadan | C98: Eggs | D98: 15 | E98: 12000 | F98: C0028 | G98: 31/02/2026 | H98: 0 | I98: =IF(OR('CAL-DATA VALIDATION'!$A$2=Table3[[#This Row],[Branch]], 'CAL-DATA VALIDATION'!$A$3=Table3[[#This Row],[Branch]],'CAL-DATA VALIDATION'!$A$4=Table3[[#This Row],[Branch]],'CAL-DATA VALIDATION'!$A$5=Table3[[#This Row],[Branch]]), TRUE, FALSE) -> TRUE | J98: =((ISNUMBER(Table3[[#This Row],[Quantity]]) )* (Table3[[#This Row],[Quantity]]>0))=1 -> TRUE | K98: =((Table3[[#This Row],[Quantity]]>=Table3[[#This Row],[Return Qty]])*(ISNUMBER(Table3[[#This Row],[Quantity]])))=1 -> TRUE | L98: =ISNUMBER(Table3[[#This Row],[Unit Price]]) -> TRUE | M98: =ISNUMBER(Table3[[#This Row],[Order Date]]) -> FALSE | N98: =IFERROR(IF(Table3[[#This Row],[Quantity]]*Table3[[#This Row],[Unit Price]]<0, "N/A", Table3[[#This Row],[Quantity]]*Table3[[#This Row],[Unit Price]]), "N/A") -> 180000 | O98: =IFERROR(Table3[[#This Row],[Unit Price]]*Table3[[#This Row],[Return Qty]], "N/A") -> 0 | P98: =IFERROR(IF((Table3[[#This Row],[Revenue before return]]-Table3[[#This Row],[Amount of order returned]])<0, "N/A", Table3[[#This Row],[Revenue before return]]-Table3[[#This Row],[Amount of order returned]]), "N/A") -> 180000 | Q98: =IF(AND(Table3[[#This Row],[are branches correct]]=TRUE, Table3[[#This Row],[is quantity sold > quantity returned?]]=TRUE, Table3[[#This Row],[Unit price is valid]]=TRUE,Table3[[#This Row],[is the date valid]]=TRUE,Table3[[#This Row],[valid QTY]]=TRUE), "No action required", "Inspect") -> Inspect
A99: T00098 | B99: Abuja | C99: Chicken | D99: 1 | E99: 35000 | F99: C0029 | G99: 46181 | H99: 0 | I99: =IF(OR('CAL-DATA VALIDATION'!$A$2=Table3[[#This Row],[Branch]], 'CAL-DATA VALIDATION'!$A$3=Table3[[#This Row],[Branch]],'CAL-DATA VALIDATION'!$A$4=Table3[[#This Row],[Branch]],'CAL-DATA VALIDATION'!$A$5=Table3[[#This Row],[Branch]]), TRUE, FALSE) -> TRUE | J99: =((ISNUMBER(Table3[[#This Row],[Quantity]]) )* (Table3[[#This Row],[Quantity]]>0))=1 -> TRUE | K99: =((Table3[[#This Row],[Quantity]]>=Table3[[#This Row],[Return Qty]])*(ISNUMBER(Table3[[#This Row],[Quantity]])))=1 -> TRUE | L99: =ISNUMBER(Table3[[#This Row],[Unit Price]]) -> TRUE | M99: =ISNUMBER(Table3[[#This Row],[Order Date]]) -> TRUE | N99: =IFERROR(IF(Table3[[#This Row],[Quantity]]*Table3[[#This Row],[Unit Price]]<0, "N/A", Table3[[#This Row],[Quantity]]*Table3[[#This Row],[Unit Price]]), "N/A") -> 35000 | O99: =IFERROR(Table3[[#This Row],[Unit Price]]*Table3[[#This Row],[Return Qty]], "N/A") -> 0 | P99: =IFERROR(IF((Table3[[#This Row],[Revenue before return]]-Table3[[#This Row],[Amount of order returned]])<0, "N/A", Table3[[#This Row],[Revenue before return]]-Table3[[#This Row],[Amount of order returned]]), "N/A") -> 35000 | Q99: =IF(AND(Table3[[#This Row],[are branches correct]]=TRUE, Table3[[#This Row],[is quantity sold > quantity returned?]]=TRUE, Table3[[#This Row],[Unit price is valid]]=TRUE,Table3[[#This Row],[is the date valid]]=TRUE,Table3[[#This Row],[valid QTY]]=TRUE), "No action required", "Inspect") -> No action required
A100: T00099 | B100: Lagos | C100: Bread | D100: 18 | E100: 20000 | F100: C0009 | G100: 46034 | H100: 0 | I100: =IF(OR('CAL-DATA VALIDATION'!$A$2=Table3[[#This Row],[Branch]], 'CAL-DATA VALIDATION'!$A$3=Table3[[#This Row],[Branch]],'CAL-DATA VALIDATION'!$A$4=Table3[[#This Row],[Branch]],'CAL-DATA VALIDATION'!$A$5=Table3[[#This Row],[Branch]]), TRUE, FALSE) -> TRUE | J100: =((ISNUMBER(Table3[[#This Row],[Quantity]]) )* (Table3[[#This Row],[Quantity]]>0))=1 -> TRUE | K100: =((Table3[[#This Row],[Quantity]]>=Table3[[#This Row],[Return Qty]])*(ISNUMBER(Table3[[#This Row],[Quantity]])))=1 -> TRUE | L100: =ISNUMBER(Table3[[#This Row],[Unit Price]]) -> TRUE | M100: =ISNUMBER(Table3[[#This Row],[Order Date]]) -> TRUE | N100: =IFERROR(IF(Table3[[#This Row],[Quantity]]*Table3[[#This Row],[Unit Price]]<0, "N/A", Table3[[#This Row],[Quantity]]*Table3[[#This Row],[Unit Price]]), "N/A") -> 360000 | O100: =IFERROR(Table3[[#This Row],[Unit Price]]*Table3[[#This Row],[Return Qty]], "N/A") -> 0 | P100: =IFERROR(IF((Table3[[#This Row],[Revenue before return]]-Table3[[#This Row],[Amount of order returned]])<0, "N/A", Table3[[#This Row],[Revenue before return]]-Table3[[#This Row],[Amount of order returned]]), "N/A") -> 360000 | Q100: =IF(AND(Table3[[#This Row],[are branches correct]]=TRUE, Table3[[#This Row],[is quantity sold > quantity returned?]]=TRUE, Table3[[#This Row],[Unit price is valid]]=TRUE,Table3[[#This Row],[is the date valid]]=TRUE,Table3[[#This Row],[valid QTY]]=TRUE), "No action required", "Inspect") -> No action required
A101: T00100 | B101: Lagos | C101: Pasta | D101: 12 | E101: 15000 | F101: C0297 | G101: 46052 | H101: 4 | I101: =IF(OR('CAL-DATA VALIDATION'!$A$2=Table3[[#This Row],[Branch]], 'CAL-DATA VALIDATION'!$A$3=Table3[[#This Row],[Branch]],'CAL-DATA VALIDATION'!$A$4=Table3[[#This Row],[Branch]],'CAL-DATA VALIDATION'!$A$5=Table3[[#This Row],[Branch]]), TRUE, FALSE) -> TRUE | J101: =((ISNUMBER(Table3[[#This Row],[Quantity]]) )* (Table3[[#This Row],[Quantity]]>0))=1 -> TRUE | K101: =((Table3[[#This Row],[Quantity]]>=Table3[[#This Row],[Return Qty]])*(ISNUMBER(Table3[[#This Row],[Quantity]])))=1 -> TRUE | L101: =ISNUMBER(Table3[[#This Row],[Unit Price]]) -> TRUE | M101: =ISNUMBER(Table3[[#This Row],[Order Date]]) -> TRUE | N101: =IFERROR(IF(Table3[[#This Row],[Quantity]]*Table3[[#This Row],[Unit Price]]<0, "N/A", Table3[[#This Row],[Quantity]]*Table3[[#This Row],[Unit Price]]), "N/A") -> 180000 | O101: =IFERROR(Table3[[#This Row],[Unit Price]]*Table3[[#This Row],[Return Qty]], "N/A") -> 60000 | P101: =IFERROR(IF((Table3[[#This Row],[Revenue before return]]-Table3[[#This Row],[Amount of order returned]])<0, "N/A", Table3[[#This Row],[Revenue before return]]-Table3[[#This Row],[Amount of order returned]]), "N/A") -> 120000 | Q101: =IF(AND(Table3[[#This Row],[are branches correct]]=TRUE, Table3[[#This Row],[is quantity sold > quantity returned?]]=TRUE, Table3[[#This Row],[Unit price is valid]]=TRUE,Table3[[#This Row],[is the date valid]]=TRUE,Table3[[#This Row],[valid QTY]]=TRUE), "No action required", "Inspect") -> No action required
A102: T00101 | B102: Abuja | C102: Rice | D102: 11 | E102: 50000 | F102: C0164 | G102: 46101 | H102: 0 | I102: =IF(OR('CAL-DATA VALIDATION'!$A$2=Table3[[#This Row],[Branch]], 'CAL-DATA VALIDATION'!$A$3=Table3[[#This Row],[Branch]],'CAL-DATA VALIDATION'!$A$4=Table3[[#This Row],[Branch]],'CAL-DATA VALIDATION'!$A$5=Table3[[#This Row],[Branch]]), TRUE, FALSE) -> TRUE | J102: =((ISNUMBER(Table3[[#This Row],[Quantity]]) )* (Table3[[#This Row],[Quantity]]>0))=1 -> TRUE | K102: =((Table3[[#This Row],[Quantity]]>=Table3[[#This Row],[Return Qty]])*(ISNUMBER(Table3[[#This Row],[Quantity]])))=1 -> TRUE | L102: =ISNUMBER(Table3[[#This Row],[Unit Price]]) -> TRUE | M102: =ISNUMBER(Table3[[#This Row],[Order Date]]) -> TRUE | N102: =IFERROR(IF(Table3[[#This Row],[Quantity]]*Table3[[#This Row],[Unit Price]]<0, "N/A", Table3[[#This Row],[Quantity]]*Table3[[#This Row],[Unit Price]]), "N/A") -> 550000 | O102: =IFERROR(Table3[[#This Row],[Unit Price]]*Table3[[#This Row],[Return Qty]], "N/A") -> 0 | P102: =IFERROR(IF((Table3[[#This Row],[Revenue before return]]-Table3[[#This Row],[Amount of order returned]])<0, "N/A", Table3[[#This Row],[Revenue before return]]-Table3[[#This Row],[Amount of order returned]]), "N/A") -> 550000 | Q102: =IF(AND(Table3[[#This Row],[are branches correct]]=TRUE, Table3[[#This Row],[is quantity sold > quantity returned?]]=TRUE, Table3[[#This Row],[Unit price is valid]]=TRUE,Table3[[#This Row],[is the date valid]]=TRUE,Table3[[#This Row],[valid QTY]]=TRUE), "No action required", "Inspect") -> No action required
A103: T00102 | B103: Lagos | C103: Chicken | D103: 4 | E103: 35000 | F103: C0220 | G103: 46026 | H103: 0 | I103: =IF(OR('CAL-DATA VALIDATION'!$A$2=Table3[[#This Row],[Branch]], 'CAL-DATA VALIDATION'!$A$3=Table3[[#This Row],[Branch]],'CAL-DATA VALIDATION'!$A$4=Table3[[#This Row],[Branch]],'CAL-DATA VALIDATION'!$A$5=Table3[[#This Row],[Branch]]), TRUE, FALSE) -> TRUE | J103: =((ISNUMBER(Table3[[#This Row],[Quantity]]) )* (Table3[[#This Row],[Quantity]]>0))=1 -> TRUE | K103: =((Table3[[#This Row],[Quantity]]>=Table3[[#This Row],[Return Qty]])*(ISNUMBER(Table3[[#This Row],[Quantity]])))=1 -> TRUE | L103: =ISNUMBER(Table3[[#This Row],[Unit Price]]) -> TRUE | M103: =ISNUMBER(Table3[[#This Row],[Order Date]]) -> TRUE | N103: =IFERROR(IF(Table3[[#This Row],[Quantity]]*Table3[[#This Row],[Unit Price]]<0, "N/A", Table3[[#This Row],[Quantity]]*Table3[[#This Row],[Unit Price]]), "N/A") -> 140000 | O103: =IFERROR(Table3[[#This Row],[Unit Price]]*Table3[[#This Row],[Return Qty]], "N/A") -> 0 | P103: =IFERROR(IF((Table3[[#This Row],[Revenue before return]]-Table3[[#This Row],[Amount of order returned]])<0, "N/A", Table3[[#This Row],[Revenue before return]]-Table3[[#This Row],[Amount of order returned]]), "N/A") -> 140000 | Q103: =IF(AND(Table3[[#This Row],[are branches correct]]=TRUE, Table3[[#This Row],[is quantity sold > quantity returned?]]=TRUE, Table3[[#This Row],[Unit price is valid]]=TRUE,Table3[[#This Row],[is the date valid]]=TRUE,Table3[[#This Row],[valid QTY]]=TRUE), "No action required", "Inspect") -> No action required
A104: T00103 | B104: FCT | C104: Bread | D104: 7 | E104: 20000 | F104: C0202 | G104: 46118 | H104: 0 | I104: =IF(OR('CAL-DATA VALIDATION'!$A$2=Table3[[#This Row],[Branch]], 'CAL-DATA VALIDATION'!$A$3=Table3[[#This Row],[Branch]],'CAL-DATA VALIDATION'!$A$4=Table3[[#This Row],[Branch]],'CAL-DATA VALIDATION'!$A$5=Table3[[#This Row],[Branch]]), TRUE, FALSE) -> FALSE | J104: =((ISNUMBER(Table3[[#This Row],[Quantity]]) )* (Table3[[#This Row],[Quantity]]>0))=1 -> TRUE | K104: =((Table3[[#This Row],[Quantity]]>=Table3[[#This Row],[Return Qty]])*(ISNUMBER(Table3[[#This Row],[Quantity]])))=1 -> TRUE | L104: =ISNUMBER(Table3[[#This Row],[Unit Price]]) -> TRUE | M104: =ISNUMBER(Table3[[#This Row],[Order Date]]) -> TRUE | N104: =IFERROR(IF(Table3[[#This Row],[Quantity]]*Table3[[#This Row],[Unit Price]]<0, "N/A", Table3[[#This Row],[Quantity]]*Table3[[#This Row],[Unit Price]]), "N/A") -> 140000 | O104: =IFERROR(Table3[[#This Row],[Unit Price]]*Table3[[#This Row],[Return Qty]], "N/A") -> 0 | P104: =IFERROR(IF((Table3[[#This Row],[Revenue before return]]-Table3[[#This Row],[Amount of order returned]])<0, "N/A", Table3[[#This Row],[Revenue before return]]-Table3[[#This Row],[Amount of order returned]]), "N/A") -> 140000 | Q104: =IF(AND(Table3[[#This Row],[are branches correct]]=TRUE, Table3[[#This Row],[is quantity sold > quantity returned?]]=TRUE, Table3[[#This Row],[Unit price is valid]]=TRUE,Table3[[#This Row],[is the date valid]]=TRUE,Table3[[#This Row],[valid QTY]]=TRUE), "No action required", "Inspect") -> Inspect
A105: T00104 | B105: Abuja | C105: Milk | D105: 12 | E105: 20000 | F105: C0137 | G105: 46189 | H105: 0 | I105: =IF(OR('CAL-DATA VALIDATION'!$A$2=Table3[[#This Row],[Branch]], 'CAL-DATA VALIDATION'!$A$3=Table3[[#This Row],[Branch]],'CAL-DATA VALIDATION'!$A$4=Table3[[#This Row],[Branch]],'CAL-DATA VALIDATION'!$A$5=Table3[[#This Row],[Branch]]), TRUE, FALSE) -> TRUE | J105: =((ISNUMBER(Table3[[#This Row],[Quantity]]) )* (Table3[[#This Row],[Quantity]]>0))=1 -> TRUE | K105: =((Table3[[#This Row],[Quantity]]>=Table3[[#This Row],[Return Qty]])*(ISNUMBER(Table3[[#This Row],[Quantity]])))=1 -> TRUE | L105: =ISNUMBER(Table3[[#This Row],[Unit Price]]) -> TRUE | M105: =ISNUMBER(Table3[[#This Row],[Order Date]]) -> TRUE | N105: =IFERROR(IF(Table3[[#This Row],[Quantity]]*Table3[[#This Row],[Unit Price]]<0, "N/A", Table3[[#This Row],[Quantity]]*Table3[[#This Row],[Unit Price]]), "N/A") -> 240000 | O105: =IFERROR(Table3[[#This Row],[Unit Price]]*Table3[[#This Row],[Return Qty]], "N/A") -> 0 | P105: =IFERROR(IF((Table3[[#This Row],[Revenue before return]]-Table3[[#This Row],[Amount of order returned]])<0, "N/A", Table3[[#This Row],[Revenue before return]]-Table3[[#This Row],[Amount of order returned]]), "N/A") -> 240000 | Q105: =IF(AND(Table3[[#This Row],[are branches correct]]=TRUE, Table3[[#This Row],[is quantity sold > quantity returned?]]=TRUE, Table3[[#This Row],[Unit price is valid]]=TRUE,Table3[[#This Row],[is the date valid]]=TRUE,Table3[[#This Row],[valid QTY]]=TRUE), "No action required", "Inspect") -> No action required
A106: T00105 | B106: Port Harcourt | C106: Eggs | D106: 24 | E106: 12000 | F106: C0218 | G106: 46125 | H106: 3 | I106: =IF(OR('CAL-DATA VALIDATION'!$A$2=Table3[[#This Row],[Branch]], 'CAL-DATA VALIDATION'!$A$3=Table3[[#This Row],[Branch]],'CAL-DATA VALIDATION'!$A$4=Table3[[#This Row],[Branch]],'CAL-DATA VALIDATION'!$A$5=Table3[[#This Row],[Branch]]), TRUE, FALSE) -> TRUE | J106: =((ISNUMBER(Table3[[#This Row],[Quantity]]) )* (Table3[[#This Row],[Quantity]]>0))=1 -> TRUE | K106: =((Table3[[#This Row],[Quantity]]>=Table3[[#This Row],[Return Qty]])*(ISNUMBER(Table3[[#This Row],[Quantity]])))=1 -> TRUE | L106: =ISNUMBER(Table3[[#This Row],[Unit Price]]) -> TRUE | M106: =ISNUMBER(Table3[[#This Row],[Order Date]]) -> TRUE | N106: =IFERROR(IF(Table3[[#This Row],[Quantity]]*Table3[[#This Row],[Unit Price]]<0, "N/A", Table3[[#This Row],[Quantity]]*Table3[[#This Row],[Unit Price]]), "N/A") -> 288000 | O106: =IFERROR(Table3[[#This Row],[Unit Price]]*Table3[[#This Row],[Return Qty]], "N/A") -> 36000 | P106: =IFERROR(IF((Table3[[#This Row],[Revenue before return]]-Table3[[#This Row],[Amount of order returned]])<0, "N/A", Table3[[#This Row],[Revenue before return]]-Table3[[#This Row],[Amount of order returned]]), "N/A") -> 252000 | Q106: =IF(AND(Table3[[#This Row],[are branches correct]]=TRUE, Table3[[#This Row],[is quantity sold > quantity returned?]]=TRUE, Table3[[#This Row],[Unit price is valid]]=TRUE,Table3[[#This Row],[is the date valid]]=TRUE,Table3[[#This Row],[valid QTY]]=TRUE), "No action required", "Inspect") -> No action required
A107: T00106 | B107: Abuja | C107: Chicken | D107: 23 | E107: 35000 | F107: C0086 | G107: 46048 | H107: 1 | I107: =IF(OR('CAL-DATA VALIDATION'!$A$2=Table3[[#This Row],[Branch]], 'CAL-DATA VALIDATION'!$A$3=Table3[[#This Row],[Branch]],'CAL-DATA VALIDATION'!$A$4=Table3[[#This Row],[Branch]],'CAL-DATA VALIDATION'!$A$5=Table3[[#This Row],[Branch]]), TRUE, FALSE) -> TRUE | J107: =((ISNUMBER(Table3[[#This Row],[Quantity]]) )* (Table3[[#This Row],[Quantity]]>0))=1 -> TRUE | K107: =((Table3[[#This Row],[Quantity]]>=Table3[[#This Row],[Return Qty]])*(ISNUMBER(Table3[[#This Row],[Quantity]])))=1 -> TRUE | L107: =ISNUMBER(Table3[[#This Row],[Unit Price]]) -> TRUE | M107: =ISNUMBER(Table3[[#This Row],[Order Date]]) -> TRUE | N107: =IFERROR(IF(Table3[[#This Row],[Quantity]]*Table3[[#This Row],[Unit Price]]<0, "N/A", Table3[[#This Row],[Quantity]]*Table3[[#This Row],[Unit Price]]), "N/A") -> 805000 | O107: =IFERROR(Table3[[#This Row],[Unit Price]]*Table3[[#This Row],[Return Qty]], "N/A") -> 35000 | P107: =IFERROR(IF((Table3[[#This Row],[Revenue before return]]-Table3[[#This Row],[Amount of order returned]])<0, "N/A", Table3[[#This Row],[Revenue before return]]-Table3[[#This Row],[Amount of order returned]]), "N/A") -> 770000 | Q107: =IF(AND(Table3[[#This Row],[are branches correct]]=TRUE, Table3[[#This Row],[is quantity sold > quantity returned?]]=TRUE, Table3[[#This Row],[Unit price is valid]]=TRUE,Table3[[#This Row],[is the date valid]]=TRUE,Table3[[#This Row],[valid QTY]]=TRUE), "No action required", "Inspect") -> No action required
A108: T00107 | B108: Port Harcourt | C108: Chicken | D108: 19 | E108: 35000 | F108: C0286 | G108: 46129 | H108: 0 | I108: =IF(OR('CAL-DATA VALIDATION'!$A$2=Table3[[#This Row],[Branch]], 'CAL-DATA VALIDATION'!$A$3=Table3[[#This Row],[Branch]],'CAL-DATA VALIDATION'!$A$4=Table3[[#This Row],[Branch]],'CAL-DATA VALIDATION'!$A$5=Table3[[#This Row],[Branch]]), TRUE, FALSE) -> TRUE | J108: =((ISNUMBER(Table3[[#This Row],[Quantity]]) )* (Table3[[#This Row],[Quantity]]>0))=1 -> TRUE | K108: =((Table3[[#This Row],[Quantity]]>=Table3[[#This Row],[Return Qty]])*(ISNUMBER(Table3[[#This Row],[Quantity]])))=1 -> TRUE | L108: =ISNUMBER(Table3[[#This Row],[Unit Price]]) -> TRUE | M108: =ISNUMBER(Table3[[#This Row],[Order Date]]) -> TRUE | N108: =IFERROR(IF(Table3[[#This Row],[Quantity]]*Table3[[#This Row],[Unit Price]]<0, "N/A", Table3[[#This Row],[Quantity]]*Table3[[#This Row],[Unit Price]]), "N/A") -> 665000 | O108: =IFERROR(Table3[[#This Row],[Unit Price]]*Table3[[#This Row],[Return Qty]], "N/A") -> 0 | P108: =IFERROR(IF((Table3[[#This Row],[Revenue before return]]-Table3[[#This Row],[Amount of order returned]])<0, "N/A", Table3[[#This Row],[Revenue before return]]-Table3[[#This Row],[Amount of order returned]]), "N/A") -> 665000 | Q108: =IF(AND(Table3[[#This Row],[are branches correct]]=TRUE, Table3[[#This Row],[is quantity sold > quantity returned?]]=TRUE, Table3[[#This Row],[Unit price is valid]]=TRUE,Table3[[#This Row],[is the date valid]]=TRUE,Table3[[#This Row],[valid QTY]]=TRUE), "No action required", "Inspect") -> No action required
A109: T00108 | B109: Lagos | C109: Pasta | D109: 6 | E109: 15000 | F109: C0025 | G109: 46035 | H109: 0 | I109: =IF(OR('CAL-DATA VALIDATION'!$A$2=Table3[[#This Row],[Branch]], 'CAL-DATA VALIDATION'!$A$3=Table3[[#This Row],[Branch]],'CAL-DATA VALIDATION'!$A$4=Table3[[#This Row],[Branch]],'CAL-DATA VALIDATION'!$A$5=Table3[[#This Row],[Branch]]), TRUE, FALSE) -> TRUE | J109: =((ISNUMBER(Table3[[#This Row],[Quantity]]) )* (Table3[[#This Row],[Quantity]]>0))=1 -> TRUE | K109: =((Table3[[#This Row],[Quantity]]>=Table3[[#This Row],[Return Qty]])*(ISNUMBER(Table3[[#This Row],[Quantity]])))=1 -> TRUE | L109: =ISNUMBER(Table3[[#This Row],[Unit Price]]) -> TRUE | M109: =ISNUMBER(Table3[[#This Row],[Order Date]]) -> TRUE | N109: =IFERROR(IF(Table3[[#This Row],[Quantity]]*Table3[[#This Row],[Unit Price]]<0, "N/A", Table3[[#This Row],[Quantity]]*Table3[[#This Row],[Unit Price]]), "N/A") -> 90000 | O109: =IFERROR(Table3[[#This Row],[Unit Price]]*Table3[[#This Row],[Return Qty]], "N/A") -> 0 | P109: =IFERROR(IF((Table3[[#This Row],[Revenue before return]]-Table3[[#This Row],[Amount of order returned]])<0, "N/A", Table3[[#This Row],[Revenue before return]]-Table3[[#This Row],[Amount of order returned]]), "N/A") -> 90000 | Q109: =IF(AND(Table3[[#This Row],[are branches correct]]=TRUE, Table3[[#This Row],[is quantity sold > quantity returned?]]=TRUE, Table3[[#This Row],[Unit price is valid]]=TRUE,Table3[[#This Row],[is the date valid]]=TRUE,Table3[[#This Row],[valid QTY]]=TRUE), "No action required", "Inspect") -> No action required
A110: T00109 | B110: Lagos | C110: Bread | D110: 4 | E110: N/A | F110: C0093 | G110: 46181 | H110: 0 | I110: =IF(OR('CAL-DATA VALIDATION'!$A$2=Table3[[#This Row],[Branch]], 'CAL-DATA VALIDATION'!$A$3=Table3[[#This Row],[Branch]],'CAL-DATA VALIDATION'!$A$4=Table3[[#This Row],[Branch]],'CAL-DATA VALIDATION'!$A$5=Table3[[#This Row],[Branch]]), TRUE, FALSE) -> TRUE | J110: =((ISNUMBER(Table3[[#This Row],[Quantity]]) )* (Table3[[#This Row],[Quantity]]>0))=1 -> TRUE | K110: =((Table3[[#This Row],[Quantity]]>=Table3[[#This Row],[Return Qty]])*(ISNUMBER(Table3[[#This Row],[Quantity]])))=1 -> TRUE | L110: =ISNUMBER(Table3[[#This Row],[Unit Price]]) -> FALSE | M110: =ISNUMBER(Table3[[#This Row],[Order Date]]) -> TRUE | N110: =IFERROR(IF(Table3[[#This Row],[Quantity]]*Table3[[#This Row],[Unit Price]]<0, "N/A", Table3[[#This Row],[Quantity]]*Table3[[#This Row],[Unit Price]]), "N/A") -> N/A | O110: =IFERROR(Table3[[#This Row],[Unit Price]]*Table3[[#This Row],[Return Qty]], "N/A") -> N/A | P110: =IFERROR(IF((Table3[[#This Row],[Revenue before return]]-Table3[[#This Row],[Amount of order returned]])<0, "N/A", Table3[[#This Row],[Revenue before return]]-Table3[[#This Row],[Amount of order returned]]), "N/A") -> N/A | Q110: =IF(AND(Table3[[#This Row],[are branches correct]]=TRUE, Table3[[#This Row],[is quantity sold > quantity returned?]]=TRUE, Table3[[#This Row],[Unit price is valid]]=TRUE,Table3[[#This Row],[is the date valid]]=TRUE,Table3[[#This Row],[valid QTY]]=TRUE), "No action required", "Inspect") -> Inspect
A111: T00110 | B111: Abuja | C111: Rice | D111: 11 | E111: 50000 | F111: C0176 | G111: 46154 | H111: 4 | I111: =IF(OR('CAL-DATA VALIDATION'!$A$2=Table3[[#This Row],[Branch]], 'CAL-DATA VALIDATION'!$A$3=Table3[[#This Row],[Branch]],'CAL-DATA VALIDATION'!$A$4=Table3[[#This Row],[Branch]],'CAL-DATA VALIDATION'!$A$5=Table3[[#This Row],[Branch]]), TRUE, FALSE) -> TRUE | J111: =((ISNUMBER(Table3[[#This Row],[Quantity]]) )* (Table3[[#This Row],[Quantity]]>0))=1 -> TRUE | K111: =((Table3[[#This Row],[Quantity]]>=Table3[[#This Row],[Return Qty]])*(ISNUMBER(Table3[[#This Row],[Quantity]])))=1 -> TRUE | L111: =ISNUMBER(Table3[[#This Row],[Unit Price]]) -> TRUE | M111: =ISNUMBER(Table3[[#This Row],[Order Date]]) -> TRUE | N111: =IFERROR(IF(Table3[[#This Row],[Quantity]]*Table3[[#This Row],[Unit Price]]<0, "N/A", Table3[[#This Row],[Quantity]]*Table3[[#This Row],[Unit Price]]), "N/A") -> 550000 | O111: =IFERROR(Table3[[#This Row],[Unit Price]]*Table3[[#This Row],[Return Qty]], "N/A") -> 200000 | P111: =IFERROR(IF((Table3[[#This Row],[Revenue before return]]-Table3[[#This Row],[Amount of order returned]])<0, "N/A", Table3[[#This Row],[Revenue before return]]-Table3[[#This Row],[Amount of order returned]]), "N/A") -> 350000 | Q111: =IF(AND(Table3[[#This Row],[are branches correct]]=TRUE, Table3[[#This Row],[is quantity sold > quantity returned?]]=TRUE, Table3[[#This Row],[Unit price is valid]]=TRUE,Table3[[#This Row],[is the date valid]]=TRUE,Table3[[#This Row],[valid QTY]]=TRUE), "No action required", "Inspect") -> No action required
A112: T00111 | B112: Lagos | C112: Bread | D112: 24 | E112: 20000 | F112: C0111 | G112: 46100 | H112: 3 | I112: =IF(OR('CAL-DATA VALIDATION'!$A$2=Table3[[#This Row],[Branch]], 'CAL-DATA VALIDATION'!$A$3=Table3[[#This Row],[Branch]],'CAL-DATA VALIDATION'!$A$4=Table3[[#This Row],[Branch]],'CAL-DATA VALIDATION'!$A$5=Table3[[#This Row],[Branch]]), TRUE, FALSE) -> TRUE | J112: =((ISNUMBER(Table3[[#This Row],[Quantity]]) )* (Table3[[#This Row],[Quantity]]>0))=1 -> TRUE | K112: =((Table3[[#This Row],[Quantity]]>=Table3[[#This Row],[Return Qty]])*(ISNUMBER(Table3[[#This Row],[Quantity]])))=1 -> TRUE | L112: =ISNUMBER(Table3[[#This Row],[Unit Price]]) -> TRUE | M112: =ISNUMBER(Table3[[#This Row],[Order Date]]) -> TRUE | N112: =IFERROR(IF(Table3[[#This Row],[Quantity]]*Table3[[#This Row],[Unit Price]]<0, "N/A", Table3[[#This Row],[Quantity]]*Table3[[#This Row],[Unit Price]]), "N/A") -> 480000 | O112: =IFERROR(Table3[[#This Row],[Unit Price]]*Table3[[#This Row],[Return Qty]], "N/A") -> 60000 | P112: =IFERROR(IF((Table3[[#This Row],[Revenue before return]]-Table3[[#This Row],[Amount of order returned]])<0, "N/A", Table3[[#This Row],[Revenue before return]]-Table3[[#This Row],[Amount of order returned]]), "N/A") -> 420000 | Q112: =IF(AND(Table3[[#This Row],[are branches correct]]=TRUE, Table3[[#This Row],[is quantity sold > quantity returned?]]=TRUE, Table3[[#This Row],[Unit price is valid]]=TRUE,Table3[[#This Row],[is the date valid]]=TRUE,Table3[[#This Row],[valid QTY]]=TRUE), "No action required", "Inspect") -> No action required
A113: T00112 | B113: Ibadan | C113: Chicken | D113: 1 | E113: 35000 | F113: N/A | G113: 46101 | H113: 0 | I113: =IF(OR('CAL-DATA VALIDATION'!$A$2=Table3[[#This Row],[Branch]], 'CAL-DATA VALIDATION'!$A$3=Table3[[#This Row],[Branch]],'CAL-DATA VALIDATION'!$A$4=Table3[[#This Row],[Branch]],'CAL-DATA VALIDATION'!$A$5=Table3[[#This Row],[Branch]]), TRUE, FALSE) -> TRUE | J113: =((ISNUMBER(Table3[[#This Row],[Quantity]]) )* (Table3[[#This Row],[Quantity]]>0))=1 -> TRUE | K113: =((Table3[[#This Row],[Quantity]]>=Table3[[#This Row],[Return Qty]])*(ISNUMBER(Table3[[#This Row],[Quantity]])))=1 -> TRUE | L113: =ISNUMBER(Table3[[#This Row],[Unit Price]]) -> TRUE | M113: =ISNUMBER(Table3[[#This Row],[Order Date]]) -> TRUE | N113: =IFERROR(IF(Table3[[#This Row],[Quantity]]*Table3[[#This Row],[Unit Price]]<0, "N/A", Table3[[#This Row],[Quantity]]*Table3[[#This Row],[Unit Price]]), "N/A") -> 35000 | O113: =IFERROR(Table3[[#This Row],[Unit Price]]*Table3[[#This Row],[Return Qty]], "N/A") -> 0 | P113: =IFERROR(IF((Table3[[#This Row],[Revenue before return]]-Table3[[#This Row],[Amount of order returned]])<0, "N/A", Table3[[#This Row],[Revenue before return]]-Table3[[#This Row],[Amount of order returned]]), "N/A") -> 35000 | Q113: =IF(AND(Table3[[#This Row],[are branches correct]]=TRUE, Table3[[#This Row],[is quantity sold > quantity returned?]]=TRUE, Table3[[#This Row],[Unit price is valid]]=TRUE,Table3[[#This Row],[is the date valid]]=TRUE,Table3[[#This Row],[valid QTY]]=TRUE), "No action required", "Inspect") -> No action required
A114: T00113 | B114: Ibadan | C114: Rice | D114: 5 | E114: 50000 | F114: C0274 | G114: 46040 | H114: 0 | I114: =IF(OR('CAL-DATA VALIDATION'!$A$2=Table3[[#This Row],[Branch]], 'CAL-DATA VALIDATION'!$A$3=Table3[[#This Row],[Branch]],'CAL-DATA VALIDATION'!$A$4=Table3[[#This Row],[Branch]],'CAL-DATA VALIDATION'!$A$5=Table3[[#This Row],[Branch]]), TRUE, FALSE) -> TRUE | J114: =((ISNUMBER(Table3[[#This Row],[Quantity]]) )* (Table3[[#This Row],[Quantity]]>0))=1 -> TRUE | K114: =((Table3[[#This Row],[Quantity]]>=Table3[[#This Row],[Return Qty]])*(ISNUMBER(Table3[[#This Row],[Quantity]])))=1 -> TRUE | L114: =ISNUMBER(Table3[[#This Row],[Unit Price]]) -> TRUE | M114: =ISNUMBER(Table3[[#This Row],[Order Date]]) -> TRUE | N114: =IFERROR(IF(Table3[[#This Row],[Quantity]]*Table3[[#This Row],[Unit Price]]<0, "N/A", Table3[[#This Row],[Quantity]]*Table3[[#This Row],[Unit Price]]), "N/A") -> 250000 | O114: =IFERROR(Table3[[#This Row],[Unit Price]]*Table3[[#This Row],[Return Qty]], "N/A") -> 0 | P114: =IFERROR(IF((Table3[[#This Row],[Revenue before return]]-Table3[[#This Row],[Amount of order returned]])<0, "N/A", Table3[[#This Row],[Revenue before return]]-Table3[[#This Row],[Amount of order returned]]), "N/A") -> 250000 | Q114: =IF(AND(Table3[[#This Row],[are branches correct]]=TRUE, Table3[[#This Row],[is quantity sold > quantity returned?]]=TRUE, Table3[[#This Row],[Unit price is valid]]=TRUE,Table3[[#This Row],[is the date valid]]=TRUE,Table3[[#This Row],[valid QTY]]=TRUE), "No action required", "Inspect") -> No action required
A115: T00114 | B115: Ibadan | C115: Chicken | D115: 13 | E115: 35000 | F115: C0163 | G115: 46145 | H115: 2 | I115: =IF(OR('CAL-DATA VALIDATION'!$A$2=Table3[[#This Row],[Branch]], 'CAL-DATA VALIDATION'!$A$3=Table3[[#This Row],[Branch]],'CAL-DATA VALIDATION'!$A$4=Table3[[#This Row],[Branch]],'CAL-DATA VALIDATION'!$A$5=Table3[[#This Row],[Branch]]), TRUE, FALSE) -> TRUE | J115: =((ISNUMBER(Table3[[#This Row],[Quantity]]) )* (Table3[[#This Row],[Quantity]]>0))=1 -> TRUE | K115: =((Table3[[#This Row],[Quantity]]>=Table3[[#This Row],[Return Qty]])*(ISNUMBER(Table3[[#This Row],[Quantity]])))=1 -> TRUE | L115: =ISNUMBER(Table3[[#This Row],[Unit Price]]) -> TRUE | M115: =ISNUMBER(Table3[[#This Row],[Order Date]]) -> TRUE | N115: =IFERROR(IF(Table3[[#This Row],[Quantity]]*Table3[[#This Row],[Unit Price]]<0, "N/A", Table3[[#This Row],[Quantity]]*Table3[[#This Row],[Unit Price]]), "N/A") -> 455000 | O115: =IFERROR(Table3[[#This Row],[Unit Price]]*Table3[[#This Row],[Return Qty]], "N/A") -> 70000 | P115: =IFERROR(IF((Table3[[#This Row],[Revenue before return]]-Table3[[#This Row],[Amount of order returned]])<0, "N/A", Table3[[#This Row],[Revenue before return]]-Table3[[#This Row],[Amount of order returned]]), "N/A") -> 385000 | Q115: =IF(AND(Table3[[#This Row],[are branches correct]]=TRUE, Table3[[#This Row],[is quantity sold > quantity returned?]]=TRUE, Table3[[#This Row],[Unit price is valid]]=TRUE,Table3[[#This Row],[is the date valid]]=TRUE,Table3[[#This Row],[valid QTY]]=TRUE), "No action required", "Inspect") -> No action required
A116: T00115 | B116: Ibadan | C116: Milk | D116: 5 | E116: 20000 | F116: C0001 | G116: 46126 | H116: 0 | I116: =IF(OR('CAL-DATA VALIDATION'!$A$2=Table3[[#This Row],[Branch]], 'CAL-DATA VALIDATION'!$A$3=Table3[[#This Row],[Branch]],'CAL-DATA VALIDATION'!$A$4=Table3[[#This Row],[Branch]],'CAL-DATA VALIDATION'!$A$5=Table3[[#This Row],[Branch]]), TRUE, FALSE) -> TRUE | J116: =((ISNUMBER(Table3[[#This Row],[Quantity]]) )* (Table3[[#This Row],[Quantity]]>0))=1 -> TRUE | K116: =((Table3[[#This Row],[Quantity]]>=Table3[[#This Row],[Return Qty]])*(ISNUMBER(Table3[[#This Row],[Quantity]])))=1 -> TRUE | L116: =ISNUMBER(Table3[[#This Row],[Unit Price]]) -> TRUE | M116: =ISNUMBER(Table3[[#This Row],[Order Date]]) -> TRUE | N116: =IFERROR(IF(Table3[[#This Row],[Quantity]]*Table3[[#This Row],[Unit Price]]<0, "N/A", Table3[[#This Row],[Quantity]]*Table3[[#This Row],[Unit Price]]), "N/A") -> 100000 | O116: =IFERROR(Table3[[#This Row],[Unit Price]]*Table3[[#This Row],[Return Qty]], "N/A") -> 0 | P116: =IFERROR(IF((Table3[[#This Row],[Revenue before return]]-Table3[[#This Row],[Amount of order returned]])<0, "N/A", Table3[[#This Row],[Revenue before return]]-Table3[[#This Row],[Amount of order returned]]), "N/A") -> 100000 | Q116: =IF(AND(Table3[[#This Row],[are branches correct]]=TRUE, Table3[[#This Row],[is quantity sold > quantity returned?]]=TRUE, Table3[[#This Row],[Unit price is valid]]=TRUE,Table3[[#This Row],[is the date valid]]=TRUE,Table3[[#This Row],[valid QTY]]=TRUE), "No action required", "Inspect") -> No action required
A117: T00116 | B117: Lagos | C117: Tomato | D117: 25 | E117: 8000 | F117: C0067 | G117: 46045 | H117: 0 | I117: =IF(OR('CAL-DATA VALIDATION'!$A$2=Table3[[#This Row],[Branch]], 'CAL-DATA VALIDATION'!$A$3=Table3[[#This Row],[Branch]],'CAL-DATA VALIDATION'!$A$4=Table3[[#This Row],[Branch]],'CAL-DATA VALIDATION'!$A$5=Table3[[#This Row],[Branch]]), TRUE, FALSE) -> TRUE | J117: =((ISNUMBER(Table3[[#This Row],[Quantity]]) )* (Table3[[#This Row],[Quantity]]>0))=1 -> TRUE | K117: =((Table3[[#This Row],[Quantity]]>=Table3[[#This Row],[Return Qty]])*(ISNUMBER(Table3[[#This Row],[Quantity]])))=1 -> TRUE | L117: =ISNUMBER(Table3[[#This Row],[Unit Price]]) -> TRUE | M117: =ISNUMBER(Table3[[#This Row],[Order Date]]) -> TRUE | N117: =IFERROR(IF(Table3[[#This Row],[Quantity]]*Table3[[#This Row],[Unit Price]]<0, "N/A", Table3[[#This Row],[Quantity]]*Table3[[#This Row],[Unit Price]]), "N/A") -> 200000 | O117: =IFERROR(Table3[[#This Row],[Unit Price]]*Table3[[#This Row],[Return Qty]], "N/A") -> 0 | P117: =IFERROR(IF((Table3[[#This Row],[Revenue before return]]-Table3[[#This Row],[Amount of order returned]])<0, "N/A", Table3[[#This Row],[Revenue before return]]-Table3[[#This Row],[Amount of order returned]]), "N/A") -> 200000 | Q117: =IF(AND(Table3[[#This Row],[are branches correct]]=TRUE, Table3[[#This Row],[is quantity sold > quantity returned?]]=TRUE, Table3[[#This Row],[Unit price is valid]]=TRUE,Table3[[#This Row],[is the date valid]]=TRUE,Table3[[#This Row],[valid QTY]]=TRUE), "No action required", "Inspect") -> No action required
A118: T00117 | B118: Abuja | C118: Pasta | D118: 6 | E118: 15000 | F118: N/A | G118: 46126 | H118: 0 | I118: =IF(OR('CAL-DATA VALIDATION'!$A$2=Table3[[#This Row],[Branch]], 'CAL-DATA VALIDATION'!$A$3=Table3[[#This Row],[Branch]],'CAL-DATA VALIDATION'!$A$4=Table3[[#This Row],[Branch]],'CAL-DATA VALIDATION'!$A$5=Table3[[#This Row],[Branch]]), TRUE, FALSE) -> TRUE | J118: =((ISNUMBER(Table3[[#This Row],[Quantity]]) )* (Table3[[#This Row],[Quantity]]>0))=1 -> TRUE | K118: =((Table3[[#This Row],[Quantity]]>=Table3[[#This Row],[Return Qty]])*(ISNUMBER(Table3[[#This Row],[Quantity]])))=1 -> TRUE | L118: =ISNUMBER(Table3[[#This Row],[Unit Price]]) -> TRUE | M118: =ISNUMBER(Table3[[#This Row],[Order Date]]) -> TRUE | N118: =IFERROR(IF(Table3[[#This Row],[Quantity]]*Table3[[#This Row],[Unit Price]]<0, "N/A", Table3[[#This Row],[Quantity]]*Table3[[#This Row],[Unit Price]]), "N/A") -> 90000 | O118: =IFERROR(Table3[[#This Row],[Unit Price]]*Table3[[#This Row],[Return Qty]], "N/A") -> 0 | P118: =IFERROR(IF((Table3[[#This Row],[Revenue before return]]-Table3[[#This Row],[Amount of order returned]])<0, "N/A", Table3[[#This Row],[Revenue before return]]-Table3[[#This Row],[Amount of order returned]]), "N/A") -> 90000 | Q118: =IF(AND(Table3[[#This Row],[are branches correct]]=TRUE, Table3[[#This Row],[is quantity sold > quantity returned?]]=TRUE, Table3[[#This Row],[Unit price is valid]]=TRUE,Table3[[#This Row],[is the date valid]]=TRUE,Table3[[#This Row],[valid QTY]]=TRUE), "No action required", "Inspect") -> No action required
A119: T00118 | B119: Ibadan | C119: Rice | D119: 5 | E119: 50000 | F119: C0021 | G119: 46190 | H119: 1 | I119: =IF(OR('CAL-DATA VALIDATION'!$A$2=Table3[[#This Row],[Branch]], 'CAL-DATA VALIDATION'!$A$3=Table3[[#This Row],[Branch]],'CAL-DATA VALIDATION'!$A$4=Table3[[#This Row],[Branch]],'CAL-DATA VALIDATION'!$A$5=Table3[[#This Row],[Branch]]), TRUE, FALSE) -> TRUE | J119: =((ISNUMBER(Table3[[#This Row],[Quantity]]) )* (Table3[[#This Row],[Quantity]]>0))=1 -> TRUE | K119: =((Table3[[#This Row],[Quantity]]>=Table3[[#This Row],[Return Qty]])*(ISNUMBER(Table3[[#This Row],[Quantity]])))=1 -> TRUE | L119: =ISNUMBER(Table3[[#This Row],[Unit Price]]) -> TRUE | M119: =ISNUMBER(Table3[[#This Row],[Order Date]]) -> TRUE | N119: =IFERROR(IF(Table3[[#This Row],[Quantity]]*Table3[[#This Row],[Unit Price]]<0, "N/A", Table3[[#This Row],[Quantity]]*Table3[[#This Row],[Unit Price]]), "N/A") -> 250000 | O119: =IFERROR(Table3[[#This Row],[Unit Price]]*Table3[[#This Row],[Return Qty]], "N/A") -> 50000 | P119: =IFERROR(IF((Table3[[#This Row],[Revenue before return]]-Table3[[#This Row],[Amount of order returned]])<0, "N/A", Table3[[#This Row],[Revenue before return]]-Table3[[#This Row],[Amount of order returned]]), "N/A") -> 200000 | Q119: =IF(AND(Table3[[#This Row],[are branches correct]]=TRUE, Table3[[#This Row],[is quantity sold > quantity returned?]]=TRUE, Table3[[#This Row],[Unit price is valid]]=TRUE,Table3[[#This Row],[is the date valid]]=TRUE,Table3[[#This Row],[valid QTY]]=TRUE), "No action required", "Inspect") -> No action required
A120: T00119 | B120: Ibadan | C120: Cooking Oil | D120: 13 | E120: 28000 | F120: C0253 | G120: 46046 | H120: 0 | I120: =IF(OR('CAL-DATA VALIDATION'!$A$2=Table3[[#This Row],[Branch]], 'CAL-DATA VALIDATION'!$A$3=Table3[[#This Row],[Branch]],'CAL-DATA VALIDATION'!$A$4=Table3[[#This Row],[Branch]],'CAL-DATA VALIDATION'!$A$5=Table3[[#This Row],[Branch]]), TRUE, FALSE) -> TRUE | J120: =((ISNUMBER(Table3[[#This Row],[Quantity]]) )* (Table3[[#This Row],[Quantity]]>0))=1 -> TRUE | K120: =((Table3[[#This Row],[Quantity]]>=Table3[[#This Row],[Return Qty]])*(ISNUMBER(Table3[[#This Row],[Quantity]])))=1 -> TRUE | L120: =ISNUMBER(Table3[[#This Row],[Unit Price]]) -> TRUE | M120: =ISNUMBER(Table3[[#This Row],[Order Date]]) -> TRUE | N120: =IFERROR(IF(Table3[[#This Row],[Quantity]]*Table3[[#This Row],[Unit Price]]<0, "N/A", Table3[[#This Row],[Quantity]]*Table3[[#This Row],[Unit Price]]), "N/A") -> 364000 | O120: =IFERROR(Table3[[#This Row],[Unit Price]]*Table3[[#This Row],[Return Qty]], "N/A") -> 0 | P120: =IFERROR(IF((Table3[[#This Row],[Revenue before return]]-Table3[[#This Row],[Amount of order returned]])<0, "N/A", Table3[[#This Row],[Revenue before return]]-Table3[[#This Row],[Amount of order returned]]), "N/A") -> 364000 | Q120: =IF(AND(Table3[[#This Row],[are branches correct]]=TRUE, Table3[[#This Row],[is quantity sold > quantity returned?]]=TRUE, Table3[[#This Row],[Unit price is valid]]=TRUE,Table3[[#This Row],[is the date valid]]=TRUE,Table3[[#This Row],[valid QTY]]=TRUE), "No action required", "Inspect") -> No action required
A121: T00120 | B121: Ibadan | C121: Chicken | D121: 16 | E121: 35000 | F121: C0149 | G121: 31/02/2026 | H121: 0 | I121: =IF(OR('CAL-DATA VALIDATION'!$A$2=Table3[[#This Row],[Branch]], 'CAL-DATA VALIDATION'!$A$3=Table3[[#This Row],[Branch]],'CAL-DATA VALIDATION'!$A$4=Table3[[#This Row],[Branch]],'CAL-DATA VALIDATION'!$A$5=Table3[[#This Row],[Branch]]), TRUE, FALSE) -> TRUE | J121: =((ISNUMBER(Table3[[#This Row],[Quantity]]) )* (Table3[[#This Row],[Quantity]]>0))=1 -> TRUE | K121: =((Table3[[#This Row],[Quantity]]>=Table3[[#This Row],[Return Qty]])*(ISNUMBER(Table3[[#This Row],[Quantity]])))=1 -> TRUE | L121: =ISNUMBER(Table3[[#This Row],[Unit Price]]) -> TRUE | M121: =ISNUMBER(Table3[[#This Row],[Order Date]]) -> FALSE | N121: =IFERROR(IF(Table3[[#This Row],[Quantity]]*Table3[[#This Row],[Unit Price]]<0, "N/A", Table3[[#This Row],[Quantity]]*Table3[[#This Row],[Unit Price]]), "N/A") -> 560000 | O121: =IFERROR(Table3[[#This Row],[Unit Price]]*Table3[[#This Row],[Return Qty]], "N/A") -> 0 | P121: =IFERROR(IF((Table3[[#This Row],[Revenue before return]]-Table3[[#This Row],[Amount of order returned]])<0, "N/A", Table3[[#This Row],[Revenue before return]]-Table3[[#This Row],[Amount of order returned]]), "N/A") -> 560000 | Q121: =IF(AND(Table3[[#This Row],[are branches correct]]=TRUE, Table3[[#This Row],[is quantity sold > quantity returned?]]=TRUE, Table3[[#This Row],[Unit price is valid]]=TRUE,Table3[[#This Row],[is the date valid]]=TRUE,Table3[[#This Row],[valid QTY]]=TRUE), "No action required", "Inspect") -> Inspect
A122: T00121 | B122: Lagos | C122: Tomato | D122: 2 | E122: 8000 | F122: C0143 | G122: 46051 | H122: 0 | I122: =IF(OR('CAL-DATA VALIDATION'!$A$2=Table3[[#This Row],[Branch]], 'CAL-DATA VALIDATION'!$A$3=Table3[[#This Row],[Branch]],'CAL-DATA VALIDATION'!$A$4=Table3[[#This Row],[Branch]],'CAL-DATA VALIDATION'!$A$5=Table3[[#This Row],[Branch]]), TRUE, FALSE) -> TRUE | J122: =((ISNUMBER(Table3[[#This Row],[Quantity]]) )* (Table3[[#This Row],[Quantity]]>0))=1 -> TRUE | K122: =((Table3[[#This Row],[Quantity]]>=Table3[[#This Row],[Return Qty]])*(ISNUMBER(Table3[[#This Row],[Quantity]])))=1 -> TRUE | L122: =ISNUMBER(Table3[[#This Row],[Unit Price]]) -> TRUE | M122: =ISNUMBER(Table3[[#This Row],[Order Date]]) -> TRUE | N122: =IFERROR(IF(Table3[[#This Row],[Quantity]]*Table3[[#This Row],[Unit Price]]<0, "N/A", Table3[[#This Row],[Quantity]]*Table3[[#This Row],[Unit Price]]), "N/A") -> 16000 | O122: =IFERROR(Table3[[#This Row],[Unit Price]]*Table3[[#This Row],[Return Qty]], "N/A") -> 0 | P122: =IFERROR(IF((Table3[[#This Row],[Revenue before return]]-Table3[[#This Row],[Amount of order returned]])<0, "N/A", Table3[[#This Row],[Revenue before return]]-Table3[[#This Row],[Amount of order returned]]), "N/A") -> 16000 | Q122: =IF(AND(Table3[[#This Row],[are branches correct]]=TRUE, Table3[[#This Row],[is quantity sold > quantity returned?]]=TRUE, Table3[[#This Row],[Unit price is valid]]=TRUE,Table3[[#This Row],[is the date valid]]=TRUE,Table3[[#This Row],[valid QTY]]=TRUE), "No action required", "Inspect") -> No action required
A123: T00122 | B123: Abuja | C123: Eggs | D123: 8 | E123: 12000 | F123: C0013 | G123: 46157 | H123: 0 | I123: =IF(OR('CAL-DATA VALIDATION'!$A$2=Table3[[#This Row],[Branch]], 'CAL-DATA VALIDATION'!$A$3=Table3[[#This Row],[Branch]],'CAL-DATA VALIDATION'!$A$4=Table3[[#This Row],[Branch]],'CAL-DATA VALIDATION'!$A$5=Table3[[#This Row],[Branch]]), TRUE, FALSE) -> TRUE | J123: =((ISNUMBER(Table3[[#This Row],[Quantity]]) )* (Table3[[#This Row],[Quantity]]>0))=1 -> TRUE | K123: =((Table3[[#This Row],[Quantity]]>=Table3[[#This Row],[Return Qty]])*(ISNUMBER(Table3[[#This Row],[Quantity]])))=1 -> TRUE | L123: =ISNUMBER(Table3[[#This Row],[Unit Price]]) -> TRUE | M123: =ISNUMBER(Table3[[#This Row],[Order Date]]) -> TRUE | N123: =IFERROR(IF(Table3[[#This Row],[Quantity]]*Table3[[#This Row],[Unit Price]]<0, "N/A", Table3[[#This Row],[Quantity]]*Table3[[#This Row],[Unit Price]]), "N/A") -> 96000 | O123: =IFERROR(Table3[[#This Row],[Unit Price]]*Table3[[#This Row],[Return Qty]], "N/A") -> 0 | P123: =IFERROR(IF((Table3[[#This Row],[Revenue before return]]-Table3[[#This Row],[Amount of order returned]])<0, "N/A", Table3[[#This Row],[Revenue before return]]-Table3[[#This Row],[Amount of order returned]]), "N/A") -> 96000 | Q123: =IF(AND(Table3[[#This Row],[are branches correct]]=TRUE, Table3[[#This Row],[is quantity sold > quantity returned?]]=TRUE, Table3[[#This Row],[Unit price is valid]]=TRUE,Table3[[#This Row],[is the date valid]]=TRUE,Table3[[#This Row],[valid QTY]]=TRUE), "No action required", "Inspect") -> No action required
A124: T00123 | B124: Port Harcourt | C124: Chicken | D124: 13 | E124: 35000 | F124: C0125 | G124: 46116 | H124: 0 | I124: =IF(OR('CAL-DATA VALIDATION'!$A$2=Table3[[#This Row],[Branch]], 'CAL-DATA VALIDATION'!$A$3=Table3[[#This Row],[Branch]],'CAL-DATA VALIDATION'!$A$4=Table3[[#This Row],[Branch]],'CAL-DATA VALIDATION'!$A$5=Table3[[#This Row],[Branch]]), TRUE, FALSE) -> TRUE | J124: =((ISNUMBER(Table3[[#This Row],[Quantity]]) )* (Table3[[#This Row],[Quantity]]>0))=1 -> TRUE | K124: =((Table3[[#This Row],[Quantity]]>=Table3[[#This Row],[Return Qty]])*(ISNUMBER(Table3[[#This Row],[Quantity]])))=1 -> TRUE | L124: =ISNUMBER(Table3[[#This Row],[Unit Price]]) -> TRUE | M124: =ISNUMBER(Table3[[#This Row],[Order Date]]) -> TRUE | N124: =IFERROR(IF(Table3[[#This Row],[Quantity]]*Table3[[#This Row],[Unit Price]]<0, "N/A", Table3[[#This Row],[Quantity]]*Table3[[#This Row],[Unit Price]]), "N/A") -> 455000 | O124: =IFERROR(Table3[[#This Row],[Unit Price]]*Table3[[#This Row],[Return Qty]], "N/A") -> 0 | P124: =IFERROR(IF((Table3[[#This Row],[Revenue before return]]-Table3[[#This Row],[Amount of order returned]])<0, "N/A", Table3[[#This Row],[Revenue before return]]-Table3[[#This Row],[Amount of order returned]]), "N/A") -> 455000 | Q124: =IF(AND(Table3[[#This Row],[are branches correct]]=TRUE, Table3[[#This Row],[is quantity sold > quantity returned?]]=TRUE, Table3[[#This Row],[Unit price is valid]]=TRUE,Table3[[#This Row],[is the date valid]]=TRUE,Table3[[#This Row],[valid QTY]]=TRUE), "No action required", "Inspect") -> No action required
A125: T00124 | B125: Lagos | C125: Bread | D125: 5 | E125: 20000 | F125: C0090 | G125: 46125 | H125: 0 | I125: =IF(OR('CAL-DATA VALIDATION'!$A$2=Table3[[#This Row],[Branch]], 'CAL-DATA VALIDATION'!$A$3=Table3[[#This Row],[Branch]],'CAL-DATA VALIDATION'!$A$4=Table3[[#This Row],[Branch]],'CAL-DATA VALIDATION'!$A$5=Table3[[#This Row],[Branch]]), TRUE, FALSE) -> TRUE | J125: =((ISNUMBER(Table3[[#This Row],[Quantity]]) )* (Table3[[#This Row],[Quantity]]>0))=1 -> TRUE | K125: =((Table3[[#This Row],[Quantity]]>=Table3[[#This Row],[Return Qty]])*(ISNUMBER(Table3[[#This Row],[Quantity]])))=1 -> TRUE | L125: =ISNUMBER(Table3[[#This Row],[Unit Price]]) -> TRUE | M125: =ISNUMBER(Table3[[#This Row],[Order Date]]) -> TRUE | N125: =IFERROR(IF(Table3[[#This Row],[Quantity]]*Table3[[#This Row],[Unit Price]]<0, "N/A", Table3[[#This Row],[Quantity]]*Table3[[#This Row],[Unit Price]]), "N/A") -> 100000 | O125: =IFERROR(Table3[[#This Row],[Unit Price]]*Table3[[#This Row],[Return Qty]], "N/A") -> 0 | P125: =IFERROR(IF((Table3[[#This Row],[Revenue before return]]-Table3[[#This Row],[Amount of order returned]])<0, "N/A", Table3[[#This Row],[Revenue before return]]-Table3[[#This Row],[Amount of order returned]]), "N/A") -> 100000 | Q125: =IF(AND(Table3[[#This Row],[are branches correct]]=TRUE, Table3[[#This Row],[is quantity sold > quantity returned?]]=TRUE, Table3[[#This Row],[Unit price is valid]]=TRUE,Table3[[#This Row],[is the date valid]]=TRUE,Table3[[#This Row],[valid QTY]]=TRUE), "No action required", "Inspect") -> No action required
A126: T00125 | B126: Port Harcourt | C126: Rice | D126: 17 | E126: 50000 | F126: C0181 | G126: 46055 | H126: 0 | I126: =IF(OR('CAL-DATA VALIDATION'!$A$2=Table3[[#This Row],[Branch]], 'CAL-DATA VALIDATION'!$A$3=Table3[[#This Row],[Branch]],'CAL-DATA VALIDATION'!$A$4=Table3[[#This Row],[Branch]],'CAL-DATA VALIDATION'!$A$5=Table3[[#This Row],[Branch]]), TRUE, FALSE) -> TRUE | J126: =((ISNUMBER(Table3[[#This Row],[Quantity]]) )* (Table3[[#This Row],[Quantity]]>0))=1 -> TRUE | K126: =((Table3[[#This Row],[Quantity]]>=Table3[[#This Row],[Return Qty]])*(ISNUMBER(Table3[[#This Row],[Quantity]])))=1 -> TRUE | L126: =ISNUMBER(Table3[[#This Row],[Unit Price]]) -> TRUE | M126: =ISNUMBER(Table3[[#This Row],[Order Date]]) -> TRUE | N126: =IFERROR(IF(Table3[[#This Row],[Quantity]]*Table3[[#This Row],[Unit Price]]<0, "N/A", Table3[[#This Row],[Quantity]]*Table3[[#This Row],[Unit Price]]), "N/A") -> 850000 | O126: =IFERROR(Table3[[#This Row],[Unit Price]]*Table3[[#This Row],[Return Qty]], "N/A") -> 0 | P126: =IFERROR(IF((Table3[[#This Row],[Revenue before return]]-Table3[[#This Row],[Amount of order returned]])<0, "N/A", Table3[[#This Row],[Revenue before return]]-Table3[[#This Row],[Amount of order returned]]), "N/A") -> 850000 | Q126: =IF(AND(Table3[[#This Row],[are branches correct]]=TRUE, Table3[[#This Row],[is quantity sold > quantity returned?]]=TRUE, Table3[[#This Row],[Unit price is valid]]=TRUE,Table3[[#This Row],[is the date valid]]=TRUE,Table3[[#This Row],[valid QTY]]=TRUE), "No action required", "Inspect") -> No action required
A127: T00126 | B127: Ibadan | C127: Cooking Oil | D127: 1 | E127: 28000 | F127: C0036 | G127: 46062 | H127: 0 | I127: =IF(OR('CAL-DATA VALIDATION'!$A$2=Table3[[#This Row],[Branch]], 'CAL-DATA VALIDATION'!$A$3=Table3[[#This Row],[Branch]],'CAL-DATA VALIDATION'!$A$4=Table3[[#This Row],[Branch]],'CAL-DATA VALIDATION'!$A$5=Table3[[#This Row],[Branch]]), TRUE, FALSE) -> TRUE | J127: =((ISNUMBER(Table3[[#This Row],[Quantity]]) )* (Table3[[#This Row],[Quantity]]>0))=1 -> TRUE | K127: =((Table3[[#This Row],[Quantity]]>=Table3[[#This Row],[Return Qty]])*(ISNUMBER(Table3[[#This Row],[Quantity]])))=1 -> TRUE | L127: =ISNUMBER(Table3[[#This Row],[Unit Price]]) -> TRUE | M127: =ISNUMBER(Table3[[#This Row],[Order Date]]) -> TRUE | N127: =IFERROR(IF(Table3[[#This Row],[Quantity]]*Table3[[#This Row],[Unit Price]]<0, "N/A", Table3[[#This Row],[Quantity]]*Table3[[#This Row],[Unit Price]]), "N/A") -> 28000 | O127: =IFERROR(Table3[[#This Row],[Unit Price]]*Table3[[#This Row],[Return Qty]], "N/A") -> 0 | P127: =IFERROR(IF((Table3[[#This Row],[Revenue before return]]-Table3[[#This Row],[Amount of order returned]])<0, "N/A", Table3[[#This Row],[Revenue before return]]-Table3[[#This Row],[Amount of order returned]]), "N/A") -> 28000 | Q127: =IF(AND(Table3[[#This Row],[are branches correct]]=TRUE, Table3[[#This Row],[is quantity sold > quantity returned?]]=TRUE, Table3[[#This Row],[Unit price is valid]]=TRUE,Table3[[#This Row],[is the date valid]]=TRUE,Table3[[#This Row],[valid QTY]]=TRUE), "No action required", "Inspect") -> No action required
A128: T00127 | B128: Port Harcourt | C128: Bread | D128: 21 | E128: 20000 | F128: C0036 | G128: 31/02/2026 | H128: 4 | I128: =IF(OR('CAL-DATA VALIDATION'!$A$2=Table3[[#This Row],[Branch]], 'CAL-DATA VALIDATION'!$A$3=Table3[[#This Row],[Branch]],'CAL-DATA VALIDATION'!$A$4=Table3[[#This Row],[Branch]],'CAL-DATA VALIDATION'!$A$5=Table3[[#This Row],[Branch]]), TRUE, FALSE) -> TRUE | J128: =((ISNUMBER(Table3[[#This Row],[Quantity]]) )* (Table3[[#This Row],[Quantity]]>0))=1 -> TRUE | K128: =((Table3[[#This Row],[Quantity]]>=Table3[[#This Row],[Return Qty]])*(ISNUMBER(Table3[[#This Row],[Quantity]])))=1 -> TRUE | L128: =ISNUMBER(Table3[[#This Row],[Unit Price]]) -> TRUE | M128: =ISNUMBER(Table3[[#This Row],[Order Date]]) -> FALSE | N128: =IFERROR(IF(Table3[[#This Row],[Quantity]]*Table3[[#This Row],[Unit Price]]<0, "N/A", Table3[[#This Row],[Quantity]]*Table3[[#This Row],[Unit Price]]), "N/A") -> 420000 | O128: =IFERROR(Table3[[#This Row],[Unit Price]]*Table3[[#This Row],[Return Qty]], "N/A") -> 80000 | P128: =IFERROR(IF((Table3[[#This Row],[Revenue before return]]-Table3[[#This Row],[Amount of order returned]])<0, "N/A", Table3[[#This Row],[Revenue before return]]-Table3[[#This Row],[Amount of order returned]]), "N/A") -> 340000 | Q128: =IF(AND(Table3[[#This Row],[are branches correct]]=TRUE, Table3[[#This Row],[is quantity sold > quantity returned?]]=TRUE, Table3[[#This Row],[Unit price is valid]]=TRUE,Table3[[#This Row],[is the date valid]]=TRUE,Table3[[#This Row],[valid QTY]]=TRUE), "No action required", "Inspect") -> Inspect
A129: T00128 | B129: Port Harcourt | C129: Eggs | D129: 19 | E129: 12000 | F129: C0204 | G129: 46189 | H129: 0 | I129: =IF(OR('CAL-DATA VALIDATION'!$A$2=Table3[[#This Row],[Branch]], 'CAL-DATA VALIDATION'!$A$3=Table3[[#This Row],[Branch]],'CAL-DATA VALIDATION'!$A$4=Table3[[#This Row],[Branch]],'CAL-DATA VALIDATION'!$A$5=Table3[[#This Row],[Branch]]), TRUE, FALSE) -> TRUE | J129: =((ISNUMBER(Table3[[#This Row],[Quantity]]) )* (Table3[[#This Row],[Quantity]]>0))=1 -> TRUE | K129: =((Table3[[#This Row],[Quantity]]>=Table3[[#This Row],[Return Qty]])*(ISNUMBER(Table3[[#This Row],[Quantity]])))=1 -> TRUE | L129: =ISNUMBER(Table3[[#This Row],[Unit Price]]) -> TRUE | M129: =ISNUMBER(Table3[[#This Row],[Order Date]]) -> TRUE | N129: =IFERROR(IF(Table3[[#This Row],[Quantity]]*Table3[[#This Row],[Unit Price]]<0, "N/A", Table3[[#This Row],[Quantity]]*Table3[[#This Row],[Unit Price]]), "N/A") -> 228000 | O129: =IFERROR(Table3[[#This Row],[Unit Price]]*Table3[[#This Row],[Return Qty]], "N/A") -> 0 | P129: =IFERROR(IF((Table3[[#This Row],[Revenue before return]]-Table3[[#This Row],[Amount of order returned]])<0, "N/A", Table3[[#This Row],[Revenue before return]]-Table3[[#This Row],[Amount of order returned]]), "N/A") -> 228000 | Q129: =IF(AND(Table3[[#This Row],[are branches correct]]=TRUE, Table3[[#This Row],[is quantity sold > quantity returned?]]=TRUE, Table3[[#This Row],[Unit price is valid]]=TRUE,Table3[[#This Row],[is the date valid]]=TRUE,Table3[[#This Row],[valid QTY]]=TRUE), "No action required", "Inspect") -> No action required
A130: T00129 | B130: Lagos | C130: Milk | D130: 22 | E130: 20000 | F130: C0199 | G130: 46122 | H130: 28 | I130: =IF(OR('CAL-DATA VALIDATION'!$A$2=Table3[[#This Row],[Branch]], 'CAL-DATA VALIDATION'!$A$3=Table3[[#This Row],[Branch]],'CAL-DATA VALIDATION'!$A$4=Table3[[#This Row],[Branch]],'CAL-DATA VALIDATION'!$A$5=Table3[[#This Row],[Branch]]), TRUE, FALSE) -> TRUE | J130: =((ISNUMBER(Table3[[#This Row],[Quantity]]) )* (Table3[[#This Row],[Quantity]]>0))=1 -> TRUE | K130: =((Table3[[#This Row],[Quantity]]>=Table3[[#This Row],[Return Qty]])*(ISNUMBER(Table3[[#This Row],[Quantity]])))=1 -> FALSE | L130: =ISNUMBER(Table3[[#This Row],[Unit Price]]) -> TRUE | M130: =ISNUMBER(Table3[[#This Row],[Order Date]]) -> TRUE | N130: =IFERROR(IF(Table3[[#This Row],[Quantity]]*Table3[[#This Row],[Unit Price]]<0, "N/A", Table3[[#This Row],[Quantity]]*Table3[[#This Row],[Unit Price]]), "N/A") -> 440000 | O130: =IFERROR(Table3[[#This Row],[Unit Price]]*Table3[[#This Row],[Return Qty]], "N/A") -> 560000 | P130: =IFERROR(IF((Table3[[#This Row],[Revenue before return]]-Table3[[#This Row],[Amount of order returned]])<0, "N/A", Table3[[#This Row],[Revenue before return]]-Table3[[#This Row],[Amount of order returned]]), "N/A") -> N/A | Q130: =IF(AND(Table3[[#This Row],[are branches correct]]=TRUE, Table3[[#This Row],[is quantity sold > quantity returned?]]=TRUE, Table3[[#This Row],[Unit price is valid]]=TRUE,Table3[[#This Row],[is the date valid]]=TRUE,Table3[[#This Row],[valid QTY]]=TRUE), "No action required", "Inspect") -> Inspect
A131: T00130 | B131: Ibadan | C131: Tomato | D131: 9 | E131: 8000 | F131: C0058 | G131: 46152 | H131: 2 | I131: =IF(OR('CAL-DATA VALIDATION'!$A$2=Table3[[#This Row],[Branch]], 'CAL-DATA VALIDATION'!$A$3=Table3[[#This Row],[Branch]],'CAL-DATA VALIDATION'!$A$4=Table3[[#This Row],[Branch]],'CAL-DATA VALIDATION'!$A$5=Table3[[#This Row],[Branch]]), TRUE, FALSE) -> TRUE | J131: =((ISNUMBER(Table3[[#This Row],[Quantity]]) )* (Table3[[#This Row],[Quantity]]>0))=1 -> TRUE | K131: =((Table3[[#This Row],[Quantity]]>=Table3[[#This Row],[Return Qty]])*(ISNUMBER(Table3[[#This Row],[Quantity]])))=1 -> TRUE | L131: =ISNUMBER(Table3[[#This Row],[Unit Price]]) -> TRUE | M131: =ISNUMBER(Table3[[#This Row],[Order Date]]) -> TRUE | N131: =IFERROR(IF(Table3[[#This Row],[Quantity]]*Table3[[#This Row],[Unit Price]]<0, "N/A", Table3[[#This Row],[Quantity]]*Table3[[#This Row],[Unit Price]]), "N/A") -> 72000 | O131: =IFERROR(Table3[[#This Row],[Unit Price]]*Table3[[#This Row],[Return Qty]], "N/A") -> 16000 | P131: =IFERROR(IF((Table3[[#This Row],[Revenue before return]]-Table3[[#This Row],[Amount of order returned]])<0, "N/A", Table3[[#This Row],[Revenue before return]]-Table3[[#This Row],[Amount of order returned]]), "N/A") -> 56000 | Q131: =IF(AND(Table3[[#This Row],[are branches correct]]=TRUE, Table3[[#This Row],[is quantity sold > quantity returned?]]=TRUE, Table3[[#This Row],[Unit price is valid]]=TRUE,Table3[[#This Row],[is the date valid]]=TRUE,Table3[[#This Row],[valid QTY]]=TRUE), "No action required", "Inspect") -> No action required
A132: T00131 | B132: Port Harcourt | C132: Chicken | D132: 6 | E132: 35000 | F132: C0088 | G132: 46152 | H132: 0 | I132: =IF(OR('CAL-DATA VALIDATION'!$A$2=Table3[[#This Row],[Branch]], 'CAL-DATA VALIDATION'!$A$3=Table3[[#This Row],[Branch]],'CAL-DATA VALIDATION'!$A$4=Table3[[#This Row],[Branch]],'CAL-DATA VALIDATION'!$A$5=Table3[[#This Row],[Branch]]), TRUE, FALSE) -> TRUE | J132: =((ISNUMBER(Table3[[#This Row],[Quantity]]) )* (Table3[[#This Row],[Quantity]]>0))=1 -> TRUE | K132: =((Table3[[#This Row],[Quantity]]>=Table3[[#This Row],[Return Qty]])*(ISNUMBER(Table3[[#This Row],[Quantity]])))=1 -> TRUE | L132: =ISNUMBER(Table3[[#This Row],[Unit Price]]) -> TRUE | M132: =ISNUMBER(Table3[[#This Row],[Order Date]]) -> TRUE | N132: =IFERROR(IF(Table3[[#This Row],[Quantity]]*Table3[[#This Row],[Unit Price]]<0, "N/A", Table3[[#This Row],[Quantity]]*Table3[[#This Row],[Unit Price]]), "N/A") -> 210000 | O132: =IFERROR(Table3[[#This Row],[Unit Price]]*Table3[[#This Row],[Return Qty]], "N/A") -> 0 | P132: =IFERROR(IF((Table3[[#This Row],[Revenue before return]]-Table3[[#This Row],[Amount of order returned]])<0, "N/A", Table3[[#This Row],[Revenue before return]]-Table3[[#This Row],[Amount of order returned]]), "N/A") -> 210000 | Q132: =IF(AND(Table3[[#This Row],[are branches correct]]=TRUE, Table3[[#This Row],[is quantity sold > quantity returned?]]=TRUE, Table3[[#This Row],[Unit price is valid]]=TRUE,Table3[[#This Row],[is the date valid]]=TRUE,Table3[[#This Row],[valid QTY]]=TRUE), "No action required", "Inspect") -> No action required
A133: T00132 | B133: Port Harcourt | C133: Milk | D133: 11 | E133: 20000 | F133: C0032 | G133: 46134 | H133: 5 | I133: =IF(OR('CAL-DATA VALIDATION'!$A$2=Table3[[#This Row],[Branch]], 'CAL-DATA VALIDATION'!$A$3=Table3[[#This Row],[Branch]],'CAL-DATA VALIDATION'!$A$4=Table3[[#This Row],[Branch]],'CAL-DATA VALIDATION'!$A$5=Table3[[#This Row],[Branch]]), TRUE, FALSE) -> TRUE | J133: =((ISNUMBER(Table3[[#This Row],[Quantity]]) )* (Table3[[#This Row],[Quantity]]>0))=1 -> TRUE | K133: =((Table3[[#This Row],[Quantity]]>=Table3[[#This Row],[Return Qty]])*(ISNUMBER(Table3[[#This Row],[Quantity]])))=1 -> TRUE | L133: =ISNUMBER(Table3[[#This Row],[Unit Price]]) -> TRUE | M133: =ISNUMBER(Table3[[#This Row],[Order Date]]) -> TRUE | N133: =IFERROR(IF(Table3[[#This Row],[Quantity]]*Table3[[#This Row],[Unit Price]]<0, "N/A", Table3[[#This Row],[Quantity]]*Table3[[#This Row],[Unit Price]]), "N/A") -> 220000 | O133: =IFERROR(Table3[[#This Row],[Unit Price]]*Table3[[#This Row],[Return Qty]], "N/A") -> 100000 | P133: =IFERROR(IF((Table3[[#This Row],[Revenue before return]]-Table3[[#This Row],[Amount of order returned]])<0, "N/A", Table3[[#This Row],[Revenue before return]]-Table3[[#This Row],[Amount of order returned]]), "N/A") -> 120000 | Q133: =IF(AND(Table3[[#This Row],[are branches correct]]=TRUE, Table3[[#This Row],[is quantity sold > quantity returned?]]=TRUE, Table3[[#This Row],[Unit price is valid]]=TRUE,Table3[[#This Row],[is the date valid]]=TRUE,Table3[[#This Row],[valid QTY]]=TRUE), "No action required", "Inspect") -> No action required
A134: T00133 | B134: Port Harcourt | C134: Rice | D134: 15 | E134: 50000 | F134: C0228 | G134: 46140 | H134: 0 | I134: =IF(OR('CAL-DATA VALIDATION'!$A$2=Table3[[#This Row],[Branch]], 'CAL-DATA VALIDATION'!$A$3=Table3[[#This Row],[Branch]],'CAL-DATA VALIDATION'!$A$4=Table3[[#This Row],[Branch]],'CAL-DATA VALIDATION'!$A$5=Table3[[#This Row],[Branch]]), TRUE, FALSE) -> TRUE | J134: =((ISNUMBER(Table3[[#This Row],[Quantity]]) )* (Table3[[#This Row],[Quantity]]>0))=1 -> TRUE | K134: =((Table3[[#This Row],[Quantity]]>=Table3[[#This Row],[Return Qty]])*(ISNUMBER(Table3[[#This Row],[Quantity]])))=1 -> TRUE | L134: =ISNUMBER(Table3[[#This Row],[Unit Price]]) -> TRUE | M134: =ISNUMBER(Table3[[#This Row],[Order Date]]) -> TRUE | N134: =IFERROR(IF(Table3[[#This Row],[Quantity]]*Table3[[#This Row],[Unit Price]]<0, "N/A", Table3[[#This Row],[Quantity]]*Table3[[#This Row],[Unit Price]]), "N/A") -> 750000 | O134: =IFERROR(Table3[[#This Row],[Unit Price]]*Table3[[#This Row],[Return Qty]], "N/A") -> 0 | P134: =IFERROR(IF((Table3[[#This Row],[Revenue before return]]-Table3[[#This Row],[Amount of order returned]])<0, "N/A", Table3[[#This Row],[Revenue before return]]-Table3[[#This Row],[Amount of order returned]]), "N/A") -> 750000 | Q134: =IF(AND(Table3[[#This Row],[are branches correct]]=TRUE, Table3[[#This Row],[is quantity sold > quantity returned?]]=TRUE, Table3[[#This Row],[Unit price is valid]]=TRUE,Table3[[#This Row],[is the date valid]]=TRUE,Table3[[#This Row],[valid QTY]]=TRUE), "No action required", "Inspect") -> No action required
A135: T00134 | B135: Abuja | C135: Chicken | D135: 21 | E135: 35000 | F135: C0048 | G135: 46165 | H135: 0 | I135: =IF(OR('CAL-DATA VALIDATION'!$A$2=Table3[[#This Row],[Branch]], 'CAL-DATA VALIDATION'!$A$3=Table3[[#This Row],[Branch]],'CAL-DATA VALIDATION'!$A$4=Table3[[#This Row],[Branch]],'CAL-DATA VALIDATION'!$A$5=Table3[[#This Row],[Branch]]), TRUE, FALSE) -> TRUE | J135: =((ISNUMBER(Table3[[#This Row],[Quantity]]) )* (Table3[[#This Row],[Quantity]]>0))=1 -> TRUE | K135: =((Table3[[#This Row],[Quantity]]>=Table3[[#This Row],[Return Qty]])*(ISNUMBER(Table3[[#This Row],[Quantity]])))=1 -> TRUE | L135: =ISNUMBER(Table3[[#This Row],[Unit Price]]) -> TRUE | M135: =ISNUMBER(Table3[[#This Row],[Order Date]]) -> TRUE | N135: =IFERROR(IF(Table3[[#This Row],[Quantity]]*Table3[[#This Row],[Unit Price]]<0, "N/A", Table3[[#This Row],[Quantity]]*Table3[[#This Row],[Unit Price]]), "N/A") -> 735000 | O135: =IFERROR(Table3[[#This Row],[Unit Price]]*Table3[[#This Row],[Return Qty]], "N/A") -> 0 | P135: =IFERROR(IF((Table3[[#This Row],[Revenue before return]]-Table3[[#This Row],[Amount of order returned]])<0, "N/A", Table3[[#This Row],[Revenue before return]]-Table3[[#This Row],[Amount of order returned]]), "N/A") -> 735000 | Q135: =IF(AND(Table3[[#This Row],[are branches correct]]=TRUE, Table3[[#This Row],[is quantity sold > quantity returned?]]=TRUE, Table3[[#This Row],[Unit price is valid]]=TRUE,Table3[[#This Row],[is the date valid]]=TRUE,Table3[[#This Row],[valid QTY]]=TRUE), "No action required", "Inspect") -> No action required
A136: T00135 | B136: Abuja | C136: Tomato | D136: 20 | E136: 8000 | F136: C0270 | G136: 46148 | H136: 0 | I136: =IF(OR('CAL-DATA VALIDATION'!$A$2=Table3[[#This Row],[Branch]], 'CAL-DATA VALIDATION'!$A$3=Table3[[#This Row],[Branch]],'CAL-DATA VALIDATION'!$A$4=Table3[[#This Row],[Branch]],'CAL-DATA VALIDATION'!$A$5=Table3[[#This Row],[Branch]]), TRUE, FALSE) -> TRUE | J136: =((ISNUMBER(Table3[[#This Row],[Quantity]]) )* (Table3[[#This Row],[Quantity]]>0))=1 -> TRUE | K136: =((Table3[[#This Row],[Quantity]]>=Table3[[#This Row],[Return Qty]])*(ISNUMBER(Table3[[#This Row],[Quantity]])))=1 -> TRUE | L136: =ISNUMBER(Table3[[#This Row],[Unit Price]]) -> TRUE | M136: =ISNUMBER(Table3[[#This Row],[Order Date]]) -> TRUE | N136: =IFERROR(IF(Table3[[#This Row],[Quantity]]*Table3[[#This Row],[Unit Price]]<0, "N/A", Table3[[#This Row],[Quantity]]*Table3[[#This Row],[Unit Price]]), "N/A") -> 160000 | O136: =IFERROR(Table3[[#This Row],[Unit Price]]*Table3[[#This Row],[Return Qty]], "N/A") -> 0 | P136: =IFERROR(IF((Table3[[#This Row],[Revenue before return]]-Table3[[#This Row],[Amount of order returned]])<0, "N/A", Table3[[#This Row],[Revenue before return]]-Table3[[#This Row],[Amount of order returned]]), "N/A") -> 160000 | Q136: =IF(AND(Table3[[#This Row],[are branches correct]]=TRUE, Table3[[#This Row],[is quantity sold > quantity returned?]]=TRUE, Table3[[#This Row],[Unit price is valid]]=TRUE,Table3[[#This Row],[is the date valid]]=TRUE,Table3[[#This Row],[valid QTY]]=TRUE), "No action required", "Inspect") -> No action required
A137: T00136 | B137: Abuja | C137: Bread | D137: 10 | E137: 20000 | F137: C0122 | G137: 46120 | H137: 0 | I137: =IF(OR('CAL-DATA VALIDATION'!$A$2=Table3[[#This Row],[Branch]], 'CAL-DATA VALIDATION'!$A$3=Table3[[#This Row],[Branch]],'CAL-DATA VALIDATION'!$A$4=Table3[[#This Row],[Branch]],'CAL-DATA VALIDATION'!$A$5=Table3[[#This Row],[Branch]]), TRUE, FALSE) -> TRUE | J137: =((ISNUMBER(Table3[[#This Row],[Quantity]]) )* (Table3[[#This Row],[Quantity]]>0))=1 -> TRUE | K137: =((Table3[[#This Row],[Quantity]]>=Table3[[#This Row],[Return Qty]])*(ISNUMBER(Table3[[#This Row],[Quantity]])))=1 -> TRUE | L137: =ISNUMBER(Table3[[#This Row],[Unit Price]]) -> TRUE | M137: =ISNUMBER(Table3[[#This Row],[Order Date]]) -> TRUE | N137: =IFERROR(IF(Table3[[#This Row],[Quantity]]*Table3[[#This Row],[Unit Price]]<0, "N/A", Table3[[#This Row],[Quantity]]*Table3[[#This Row],[Unit Price]]), "N/A") -> 200000 | O137: =IFERROR(Table3[[#This Row],[Unit Price]]*Table3[[#This Row],[Return Qty]], "N/A") -> 0 | P137: =IFERROR(IF((Table3[[#This Row],[Revenue before return]]-Table3[[#This Row],[Amount of order returned]])<0, "N/A", Table3[[#This Row],[Revenue before return]]-Table3[[#This Row],[Amount of order returned]]), "N/A") -> 200000 | Q137: =IF(AND(Table3[[#This Row],[are branches correct]]=TRUE, Table3[[#This Row],[is quantity sold > quantity returned?]]=TRUE, Table3[[#This Row],[Unit price is valid]]=TRUE,Table3[[#This Row],[is the date valid]]=TRUE,Table3[[#This Row],[valid QTY]]=TRUE), "No action required", "Inspect") -> No action required
A138: T00137 | B138: Abuja | C138: Rice | D138: 17 | E138: 25000 | F138: C0085 | G138: 46144 | H138: 0 | I138: =IF(OR('CAL-DATA VALIDATION'!$A$2=Table3[[#This Row],[Branch]], 'CAL-DATA VALIDATION'!$A$3=Table3[[#This Row],[Branch]],'CAL-DATA VALIDATION'!$A$4=Table3[[#This Row],[Branch]],'CAL-DATA VALIDATION'!$A$5=Table3[[#This Row],[Branch]]), TRUE, FALSE) -> TRUE | J138: =((ISNUMBER(Table3[[#This Row],[Quantity]]) )* (Table3[[#This Row],[Quantity]]>0))=1 -> TRUE | K138: =((Table3[[#This Row],[Quantity]]>=Table3[[#This Row],[Return Qty]])*(ISNUMBER(Table3[[#This Row],[Quantity]])))=1 -> TRUE | L138: =ISNUMBER(Table3[[#This Row],[Unit Price]]) -> TRUE | M138: =ISNUMBER(Table3[[#This Row],[Order Date]]) -> TRUE | N138: =IFERROR(IF(Table3[[#This Row],[Quantity]]*Table3[[#This Row],[Unit Price]]<0, "N/A", Table3[[#This Row],[Quantity]]*Table3[[#This Row],[Unit Price]]), "N/A") -> 425000 | O138: =IFERROR(Table3[[#This Row],[Unit Price]]*Table3[[#This Row],[Return Qty]], "N/A") -> 0 | P138: =IFERROR(IF((Table3[[#This Row],[Revenue before return]]-Table3[[#This Row],[Amount of order returned]])<0, "N/A", Table3[[#This Row],[Revenue before return]]-Table3[[#This Row],[Amount of order returned]]), "N/A") -> 425000 | Q138: =IF(AND(Table3[[#This Row],[are branches correct]]=TRUE, Table3[[#This Row],[is quantity sold > quantity returned?]]=TRUE, Table3[[#This Row],[Unit price is valid]]=TRUE,Table3[[#This Row],[is the date valid]]=TRUE,Table3[[#This Row],[valid QTY]]=TRUE), "No action required", "Inspect") -> No action required
A139: T00138 | B139: Port Harcourt | C139: Chicken | D139: 13 | E139: 35000 | F139: C0151 | G139: 46193 | H139: 0 | I139: =IF(OR('CAL-DATA VALIDATION'!$A$2=Table3[[#This Row],[Branch]], 'CAL-DATA VALIDATION'!$A$3=Table3[[#This Row],[Branch]],'CAL-DATA VALIDATION'!$A$4=Table3[[#This Row],[Branch]],'CAL-DATA VALIDATION'!$A$5=Table3[[#This Row],[Branch]]), TRUE, FALSE) -> TRUE | J139: =((ISNUMBER(Table3[[#This Row],[Quantity]]) )* (Table3[[#This Row],[Quantity]]>0))=1 -> TRUE | K139: =((Table3[[#This Row],[Quantity]]>=Table3[[#This Row],[Return Qty]])*(ISNUMBER(Table3[[#This Row],[Quantity]])))=1 -> TRUE | L139: =ISNUMBER(Table3[[#This Row],[Unit Price]]) -> TRUE | M139: =ISNUMBER(Table3[[#This Row],[Order Date]]) -> TRUE | N139: =IFERROR(IF(Table3[[#This Row],[Quantity]]*Table3[[#This Row],[Unit Price]]<0, "N/A", Table3[[#This Row],[Quantity]]*Table3[[#This Row],[Unit Price]]), "N/A") -> 455000 | O139: =IFERROR(Table3[[#This Row],[Unit Price]]*Table3[[#This Row],[Return Qty]], "N/A") -> 0 | P139: =IFERROR(IF((Table3[[#This Row],[Revenue before return]]-Table3[[#This Row],[Amount of order returned]])<0, "N/A", Table3[[#This Row],[Revenue before return]]-Table3[[#This Row],[Amount of order returned]]), "N/A") -> 455000 | Q139: =IF(AND(Table3[[#This Row],[are branches correct]]=TRUE, Table3[[#This Row],[is quantity sold > quantity returned?]]=TRUE, Table3[[#This Row],[Unit price is valid]]=TRUE,Table3[[#This Row],[is the date valid]]=TRUE,Table3[[#This Row],[valid QTY]]=TRUE), "No action required", "Inspect") -> No action required
A140: T00139 | B140: Port Harcourt | C140: Cooking Oil | D140: 24 | E140: 28000 | F140: C0066 | G140: 46069 | H140: 0 | I140: =IF(OR('CAL-DATA VALIDATION'!$A$2=Table3[[#This Row],[Branch]], 'CAL-DATA VALIDATION'!$A$3=Table3[[#This Row],[Branch]],'CAL-DATA VALIDATION'!$A$4=Table3[[#This Row],[Branch]],'CAL-DATA VALIDATION'!$A$5=Table3[[#This Row],[Branch]]), TRUE, FALSE) -> TRUE | J140: =((ISNUMBER(Table3[[#This Row],[Quantity]]) )* (Table3[[#This Row],[Quantity]]>0))=1 -> TRUE | K140: =((Table3[[#This Row],[Quantity]]>=Table3[[#This Row],[Return Qty]])*(ISNUMBER(Table3[[#This Row],[Quantity]])))=1 -> TRUE | L140: =ISNUMBER(Table3[[#This Row],[Unit Price]]) -> TRUE | M140: =ISNUMBER(Table3[[#This Row],[Order Date]]) -> TRUE | N140: =IFERROR(IF(Table3[[#This Row],[Quantity]]*Table3[[#This Row],[Unit Price]]<0, "N/A", Table3[[#This Row],[Quantity]]*Table3[[#This Row],[Unit Price]]), "N/A") -> 672000 | O140: =IFERROR(Table3[[#This Row],[Unit Price]]*Table3[[#This Row],[Return Qty]], "N/A") -> 0 | P140: =IFERROR(IF((Table3[[#This Row],[Revenue before return]]-Table3[[#This Row],[Amount of order returned]])<0, "N/A", Table3[[#This Row],[Revenue before return]]-Table3[[#This Row],[Amount of order returned]]), "N/A") -> 672000 | Q140: =IF(AND(Table3[[#This Row],[are branches correct]]=TRUE, Table3[[#This Row],[is quantity sold > quantity returned?]]=TRUE, Table3[[#This Row],[Unit price is valid]]=TRUE,Table3[[#This Row],[is the date valid]]=TRUE,Table3[[#This Row],[valid QTY]]=TRUE), "No action required", "Inspect") -> No action required
... A153: T00152 | B153: Abuja | C153: Bread | D153: 21 | E153: 20000 | F153: C0187 | G153: 46200 | H153: 0 | I153: =IF(OR('CAL-DATA VALIDATION'!$A$2=Table3[[#This Row],[Branch]], 'CAL-DATA VALIDATION'!$A$3=Table3[[#This Row],[Branch]],'CAL-DATA VALIDATION'!$A$4=Table3[[#This Row],[Branch]],'CAL-DATA VALIDATION'!$A$5=Table3[[#This Row],[Branch]]), TRUE, FALSE) -> TRUE | J153: =((ISNUMBER(Table3[[#This Row],[Quantity]]) )* (Table3[[#This Row],[Quantity]]>0))=1 -> TRUE | K153: =((Table3[[#This Row],[Quantity]]>=Table3[[#This Row],[Return Qty]])*(ISNUMBER(Table3[[#This Row],[Quantity]])))=1 -> TRUE | L153: =ISNUMBER(Table3[[#This Row],[Unit Price]]) -> TRUE | M153: =ISNUMBER(Table3[[#This Row],[Order Date]]) -> TRUE | N153: =IFERROR(IF(Table3[[#This Row],[Quantity]]*Table3[[#This Row],[Unit Price]]<0, "N/A", Table3[[#This Row],[Quantity]]*Table3[[#This Row],[Unit Price]]), "N/A") -> 420000 | O153: =IFERROR(Table3[[#This Row],[Unit Price]]*Table3[[#This Row],[Return Qty]], "N/A") -> 0 | P153: =IFERROR(IF((Table3[[#This Row],[Revenue before return]]-Table3[[#This Row],[Amount of order returned]])<0, "N/A", Table3[[#This Row],[Revenue before return]]-Table3[[#This Row],[Amount of order returned]]), "N/A") -> 420000 | Q153: =IF(AND(Table3[[#This Row],[are branches correct]]=TRUE, Table3[[#This Row],[is quantity sold > quantity returned?]]=TRUE, Table3[[#This Row],[Unit price is valid]]=TRUE,Table3[[#This Row],[is the date valid]]=TRUE,Table3[[#This Row],[valid QTY]]=TRUE), "No action required", "Inspect") -> No action required
A154: T00153 | B154: Ibadan | C154: Cooking Oil | D154: 10 | E154: N/A | F154: C0081 | G154: 46159 | H154: 0 | I154: =IF(OR('CAL-DATA VALIDATION'!$A$2=Table3[[#This Row],[Branch]], 'CAL-DATA VALIDATION'!$A$3=Table3[[#This Row],[Branch]],'CAL-DATA VALIDATION'!$A$4=Table3[[#This Row],[Branch]],'CAL-DATA VALIDATION'!$A$5=Table3[[#This Row],[Branch]]), TRUE, FALSE) -> TRUE | J154: =((ISNUMBER(Table3[[#This Row],[Quantity]]) )* (Table3[[#This Row],[Quantity]]>0))=1 -> TRUE | K154: =((Table3[[#This Row],[Quantity]]>=Table3[[#This Row],[Return Qty]])*(ISNUMBER(Table3[[#This Row],[Quantity]])))=1 -> TRUE | L154: =ISNUMBER(Table3[[#This Row],[Unit Price]]) -> FALSE | M154: =ISNUMBER(Table3[[#This Row],[Order Date]]) -> TRUE | N154: =IFERROR(IF(Table3[[#This Row],[Quantity]]*Table3[[#This Row],[Unit Price]]<0, "N/A", Table3[[#This Row],[Quantity]]*Table3[[#This Row],[Unit Price]]), "N/A") -> N/A | O154: =IFERROR(Table3[[#This Row],[Unit Price]]*Table3[[#This Row],[Return Qty]], "N/A") -> N/A | P154: =IFERROR(IF((Table3[[#This Row],[Revenue before return]]-Table3[[#This Row],[Amount of order returned]])<0, "N/A", Table3[[#This Row],[Revenue before return]]-Table3[[#This Row],[Amount of order returned]]), "N/A") -> N/A | Q154: =IF(AND(Table3[[#This Row],[are branches correct]]=TRUE, Table3[[#This Row],[is quantity sold > quantity returned?]]=TRUE, Table3[[#This Row],[Unit price is valid]]=TRUE,Table3[[#This Row],[is the date valid]]=TRUE,Table3[[#This Row],[valid QTY]]=TRUE), "No action required", "Inspect") -> Inspect
A155: T00154 | B155: Port Harcourt | C155: Bread | D155: 3 | E155: 20000 | F155: C0056 | G155: N/A | H155: 0 | I155: =IF(OR('CAL-DATA VALIDATION'!$A$2=Table3[[#This Row],[Branch]], 'CAL-DATA VALIDATION'!$A$3=Table3[[#This Row],[Branch]],'CAL-DATA VALIDATION'!$A$4=Table3[[#This Row],[Branch]],'CAL-DATA VALIDATION'!$A$5=Table3[[#This Row],[Branch]]), TRUE, FALSE) -> TRUE | J155: =((ISNUMBER(Table3[[#This Row],[Quantity]]) )* (Table3[[#This Row],[Quantity]]>0))=1 -> TRUE | K155: =((Table3[[#This Row],[Quantity]]>=Table3[[#This Row],[Return Qty]])*(ISNUMBER(Table3[[#This Row],[Quantity]])))=1 -> TRUE | L155: =ISNUMBER(Table3[[#This Row],[Unit Price]]) -> TRUE | M155: =ISNUMBER(Table3[[#This Row],[Order Date]]) -> FALSE | N155: =IFERROR(IF(Table3[[#This Row],[Quantity]]*Table3[[#This Row],[Unit Price]]<0, "N/A", Table3[[#This Row],[Quantity]]*Table3[[#This Row],[Unit Price]]), "N/A") -> 60000 | O155: =IFERROR(Table3[[#This Row],[Unit Price]]*Table3[[#This Row],[Return Qty]], "N/A") -> 0 | P155: =IFERROR(IF((Table3[[#This Row],[Revenue before return]]-Table3[[#This Row],[Amount of order returned]])<0, "N/A", Table3[[#This Row],[Revenue before return]]-Table3[[#This Row],[Amount of order returned]]), "N/A") -> 60000 | Q155: =IF(AND(Table3[[#This Row],[are branches correct]]=TRUE, Table3[[#This Row],[is quantity sold > quantity returned?]]=TRUE, Table3[[#This Row],[Unit price is valid]]=TRUE,Table3[[#This Row],[is the date valid]]=TRUE,Table3[[#This Row],[valid QTY]]=TRUE), "No action required", "Inspect") -> Inspect
A156: T00155 | B156: Lagos | C156: Rice | D156: 23 | E156: 50000 | F156: C0070 | G156: 46095 | H156: 1 | I156: =IF(OR('CAL-DATA VALIDATION'!$A$2=Table3[[#This Row],[Branch]], 'CAL-DATA VALIDATION'!$A$3=Table3[[#This Row],[Branch]],'CAL-DATA VALIDATION'!$A$4=Table3[[#This Row],[Branch]],'CAL-DATA VALIDATION'!$A$5=Table3[[#This Row],[Branch]]), TRUE, FALSE) -> TRUE | J156: =((ISNUMBER(Table3[[#This Row],[Quantity]]) )* (Table3[[#This Row],[Quantity]]>0))=1 -> TRUE | K156: =((Table3[[#This Row],[Quantity]]>=Table3[[#This Row],[Return Qty]])*(ISNUMBER(Table3[[#This Row],[Quantity]])))=1 -> TRUE | L156: =ISNUMBER(Table3[[#This Row],[Unit Price]]) -> TRUE | M156: =ISNUMBER(Table3[[#This Row],[Order Date]]) -> TRUE | N156: =IFERROR(IF(Table3[[#This Row],[Quantity]]*Table3[[#This Row],[Unit Price]]<0, "N/A", Table3[[#This Row],[Quantity]]*Table3[[#This Row],[Unit Price]]), "N/A") -> 1150000 | O156: =IFERROR(Table3[[#This Row],[Unit Price]]*Table3[[#This Row],[Return Qty]], "N/A") -> 50000 | P156: =IFERROR(IF((Table3[[#This Row],[Revenue before return]]-Table3[[#This Row],[Amount of order returned]])<0, "N/A", Table3[[#This Row],[Revenue before return]]-Table3[[#This Row],[Amount of order returned]]), "N/A") -> 1100000 | Q156: =IF(AND(Table3[[#This Row],[are branches correct]]=TRUE, Table3[[#This Row],[is quantity sold > quantity returned?]]=TRUE, Table3[[#This Row],[Unit price is valid]]=TRUE,Table3[[#This Row],[is the date valid]]=TRUE,Table3[[#This Row],[valid QTY]]=TRUE), "No action required", "Inspect") -> No action required
A157: T00156 | B157: Port Harcourt | C157: Bread | D157: 9 | E157: 20000 | F157: C0093 | G157: 46055 | H157: 0 | I157: =IF(OR('CAL-DATA VALIDATION'!$A$2=Table3[[#This Row],[Branch]], 'CAL-DATA VALIDATION'!$A$3=Table3[[#This Row],[Branch]],'CAL-DATA VALIDATION'!$A$4=Table3[[#This Row],[Branch]],'CAL-DATA VALIDATION'!$A$5=Table3[[#This Row],[Branch]]), TRUE, FALSE) -> TRUE | J157: =((ISNUMBER(Table3[[#This Row],[Quantity]]) )* (Table3[[#This Row],[Quantity]]>0))=1 -> TRUE | K157: =((Table3[[#This Row],[Quantity]]>=Table3[[#This Row],[Return Qty]])*(ISNUMBER(Table3[[#This Row],[Quantity]])))=1 -> TRUE | L157: =ISNUMBER(Table3[[#This Row],[Unit Price]]) -> TRUE | M157: =ISNUMBER(Table3[[#This Row],[Order Date]]) -> TRUE | N157: =IFERROR(IF(Table3[[#This Row],[Quantity]]*Table3[[#This Row],[Unit Price]]<0, "N/A", Table3[[#This Row],[Quantity]]*Table3[[#This Row],[Unit Price]]), "N/A") -> 180000 | O157: =IFERROR(Table3[[#This Row],[Unit Price]]*Table3[[#This Row],[Return Qty]], "N/A") -> 0 | P157: =IFERROR(IF((Table3[[#This Row],[Revenue before return]]-Table3[[#This Row],[Amount of order returned]])<0, "N/A", Table3[[#This Row],[Revenue before return]]-Table3[[#This Row],[Amount of order returned]]), "N/A") -> 180000 | Q157: =IF(AND(Table3[[#This Row],[are branches correct]]=TRUE, Table3[[#This Row],[is quantity sold > quantity returned?]]=TRUE, Table3[[#This Row],[Unit price is valid]]=TRUE,Table3[[#This Row],[is the date valid]]=TRUE,Table3[[#This Row],[valid QTY]]=TRUE), "No action required", "Inspect") -> No action required
A158: T00157 | B158: Abuja | C158: Bread | D158: 14 | E158: 20000 | F158: C0140 | G158: 46178 | H158: 0 | I158: =IF(OR('CAL-DATA VALIDATION'!$A$2=Table3[[#This Row],[Branch]], 'CAL-DATA VALIDATION'!$A$3=Table3[[#This Row],[Branch]],'CAL-DATA VALIDATION'!$A$4=Table3[[#This Row],[Branch]],'CAL-DATA VALIDATION'!$A$5=Table3[[#This Row],[Branch]]), TRUE, FALSE) -> TRUE | J158: =((ISNUMBER(Table3[[#This Row],[Quantity]]) )* (Table3[[#This Row],[Quantity]]>0))=1 -> TRUE | K158: =((Table3[[#This Row],[Quantity]]>=Table3[[#This Row],[Return Qty]])*(ISNUMBER(Table3[[#This Row],[Quantity]])))=1 -> TRUE | L158: =ISNUMBER(Table3[[#This Row],[Unit Price]]) -> TRUE | M158: =ISNUMBER(Table3[[#This Row],[Order Date]]) -> TRUE | N158: =IFERROR(IF(Table3[[#This Row],[Quantity]]*Table3[[#This Row],[Unit Price]]<0, "N/A", Table3[[#This Row],[Quantity]]*Table3[[#This Row],[Unit Price]]), "N/A") -> 280000 | O158: =IFERROR(Table3[[#This Row],[Unit Price]]*Table3[[#This Row],[Return Qty]], "N/A") -> 0 | P158: =IFERROR(IF((Table3[[#This Row],[Revenue before return]]-Table3[[#This Row],[Amount of order returned]])<0, "N/A", Table3[[#This Row],[Revenue before return]]-Table3[[#This Row],[Amount of order returned]]), "N/A") -> 280000 | Q158: =IF(AND(Table3[[#This Row],[are branches correct]]=TRUE, Table3[[#This Row],[is quantity sold > quantity returned?]]=TRUE, Table3[[#This Row],[Unit price is valid]]=TRUE,Table3[[#This Row],[is the date valid]]=TRUE,Table3[[#This Row],[valid QTY]]=TRUE), "No action required", "Inspect") -> No action required
...

Sheet CAL-DATA VALIDATION
A1: branch | B1: no. of transactions | D1: TABLE DETAILS
A2: Lagos | B2: =COUNTIF(Table3[Branch],'CAL-DATA VALIDATION'!$A2) -> 235 | D2: Transaction ID | F2: invalid QTY | G2: =COUNTIF(Table3[valid QTY],FALSE) -> 45
A3: Port Harcourt | B3: =COUNTIF(Table3[Branch],'CAL-DATA VALIDATION'!$A3) -> 238 | D3: Branch | F3: How many QTY returned > QTY sold | G3: =COUNTIF(Table3[is quantity sold > quantity returned?],FALSE) -> 66
A4: Ibadan | B4: =COUNTIF(Table3[Branch],'CAL-DATA VALIDATION'!$A4) -> 249 | D4: Product | F4: How many unit price are invalid | G4: =COUNTIF(Table3[Unit price is valid],FALSE) -> 15
A5: Abuja | B5: =COUNTIF(Table3[Branch],'CAL-DATA VALIDATION'!$A5) -> 277 | D5: Quantity | F5: How many date are invalid | G5: =(COUNTIF(Table3[is the date valid],FALSE))-8 -> 20
A6: FCT | B6: =COUNTIF(Table3[Branch],'CAL-DATA VALIDATION'!$A6) -> 3 | D6: Unit Price | F6: Cells that require review | G6: =COUNTIF(Table3[Action], "inspect")-8 -> 110
A7: PH | B7: =COUNTIF(Table3[Branch],'CAL-DATA VALIDATION'!$A7) -> 2 | D7: Customer ID
A8: Oyo | B8: =COUNTIF(Table3[Branch],'CAL-DATA VALIDATION'!$A8) -> 4 | D8: Order Date
A9: Abuja Branch | B9: =COUNTIF(Table3[Branch],'CAL-DATA VALIDATION'!$A9) -> 3 | D9: Return Qty

Sheet REPORT
A1: COLUMN | B1: NUMBER OF ISSUES NOTICED | C1: COMMENT
A2: Branch | B2: 12 | C2: Couldn't determine if FCT, PH, OYO, and Abuja branch are unique or the same, but with abbrivated names. Need to ask some questions to verify this. | E2: TOTAL CELL THAT REQUIRE REVIEW: | F2: ='CAL-DATA VALIDATION'!G6 -> 110
A3: Quantity | B3: 45 | C3: The Quantity column has too many errors like negative values and missing data that needs to be clearified. I need to know if the missing data was an error or the transaction never happened and if the negative values means goods returned or a typo.
A4: Return Qty | B4: 66 | C4: According to the bussiness rule given to me Quantity return shouldn't be greater than Quantity sold. And stili, I need to understand and know what to do with the data after few clearification if it should be removed permanently or can be recovered from past data or additional source.
A5: Unit Price | B5: 15 | C5: All 15 issues are "N/A" errors. I could have imputed the values but I can't simply determine if there were dicount associated with those transactions.
A6: Order Date | B6: 20 | C6: some date values are invalid showing "N/A". I will need additional data to verify when the transaction actually took place
